0,-627.1126778,-627.1126778,,,,,,,,,,,,,,,,,,,,
1,-875.2349737,-751.1738257,,,,,,,,,,,,,,,,,,,,
2,-869.7933105,-790.713654,,,,,,,,,,,,,,,,,,,,
3,-665.7311152,-759.4680193,,,,,,,,,,,,,,,,,,,,
4,-832.5600918,-774.0864338,,,,,,,,,,,,,,,,,,,,
5,-706.5400194,-762.8286981,,,,,,,,,,,,,,,,,,,,
6,-1115.390111,-813.1946142,,,,,,,,,,,,,,,,,,,,
7,-718.5548254,-801.3646406,,,,,,,,,,,,,,,,,,,,
8,-670.1972686,-786.7904881,,,,,,,,,,,,,,,,,,,,
9,-635.4216113,-771.6536005,,,,,,,,,,,,,,,,,,,,
10,-855.7933682,-779.3026702,,,,,,,,,,,,,,,,,,,,
11,-824.9295899,-783.1049136,,,,,,,,,,,,,,,,,,,,
12,-628.5963986,-771.2196432,,,,,,,,,,,,,,,,,,,,
13,-617.2789181,-760.2238771,,,,,,,,,,,,,,,,,,,,
14,-723.2548497,-757.7592753,,,,,,,,,,,,,,,,,,,,
15,-630.5768826,-749.8103757,,,,,,,,,,,,,,,,,,,,
16,-623.9454638,-742.4065574,,,,,,,,,,,,,,,,,,,,
17,-505.2703939,-729.2323261,,,,,,,,,,,,,,,,,,,,
18,-517.6844086,-718.0982252,,,,,,,,,,,,,,,,,,,,
19,-538.4104326,-709.1138355,,,,,,,,,,,,,,,,,,,,
20,-736.8293991,-710.4336243,,,,,,,,,,,,,,,,,,,,
21,-1089.104543,-727.6459388,,,,,,,,,,,,,,,,,,,,
22,-1054.743683,-741.8675798,,,,,,,,,,,,,,,,,,,,
23,-809.1047136,-744.669127,,,,,,,,,,,,,,,,,,,,
24,-839.7877778,-748.4738731,,,,,,,,,,,,,,,,,,,,
25,-489.5426314,-738.5149792,,,,,,,,,,,,,,,,,,,,
26,-613.2519606,-733.8756081,,,,,,,,,,,,,,,,,,,,
27,-1085.978067,-746.4506959,,,,,,,,,,,,,,,,,,,,
28,-1004.397097,-755.3453994,,,,,,,,,,,,,,,,,,,,
29,-549.7684036,-748.4928329,,,,,,,,,,,,,,,,,,,,
30,-885.9326174,-752.9263743,,,,,,,,,,,,,,,,,,,,
31,-659.48922,-750.0064633,,,,,,,,,,,,,,,,,,,,
32,-638.8442275,-746.6379107,,,,,,,,,,,,,,,,,,,,
33,-1088.347674,-756.6881978,,,,,,,,,,,,,,,,,,,,
34,-761.2060516,-756.8172793,,,,,,,,,,,,,,,,,,,,
35,-807.8616312,-758.235178,,,,,,,,,,,,,,,,,,,,
36,-634.6640446,-754.8954176,,,,,,,,,,,,,,,,,,,,
37,-641.4084529,-751.9089186,,,,,,,,,,,,,,,,,,,,
38,-728.2638285,-751.3026342,,,,,,,,,,,,,,,,,,,,
39,-744.3809304,-751.1295916,,,,,,,,,,,,,,,,,,,,
40,-708.838515,-750.0981019,,,,,,,,,,,,,,,,,,,,
41,-761.3233114,-750.3653688,,,,,,,,,,,,,,,,,,,,
42,-578.3159865,-746.3642204,,,,,,,,,,,,,,,,,,,,
43,-993.6225045,-751.9837269,,,,,,,,,,,,,,,,,,,,
44,-624.6626031,-749.1543686,,,,,,,,,,,,,,,,,,,,
45,-919.2264381,-752.8515875,,,,,,,,,,,,,,,,,,,,
46,-811.1165247,-754.091267,,,,,,,,,,,,,,,,,,,,
47,-984.1235,-758.8836052,,,,,,,,,,,,,,,,,,,,
48,-956.2926904,-762.912362,,,,,,,,,,,,,,,,,,,,
49,-1071.295584,-769.0800264,,,,,,,,,,,,,,,,,,,,
50,-529.4366517,-764.3811367,,,,,,,,,,,,,,,,,,,,
51,-1043.939925,-769.7572673,,,,,,,,,,,,,,,,,,,,
52,-978.6795313,-773.6991968,,,,,,,,,,,,,,,,,,,,
53,-955.4294087,-777.0645711,,,,,,,,,,,,,,,,,,,,
54,-614.9815273,-774.1176067,,,,,,,,,,,,,,,,,,,,
55,-505.8817924,-769.3276814,,,,,,,,,,,,,,,,,,,,
56,-711.7394878,-768.3173622,,,,,,,,,,,,,,,,,,,,
57,-989.6826811,-772.1340056,,,,,,,,,,,,,,,,,,,,
58,-1003.170691,-776.0498817,,,,,,,,,,,,,,,,,,,,
59,-690.6733042,-774.6269387,,,,,,,,,,,,,,,,,,,,
60,-788.785525,-774.8590467,,,,,,,,,,,,,,,,,,,,
61,-599.5679359,-772.0317707,,,,,,,,,,,,,,,,,,,,
62,-508.8190594,-767.8537912,,,,,,,,,,,,,,,,,,,,
63,-998.3839752,-771.4558253,,,,,,,,,,,,,,,,,,,,
64,-1009.864417,-775.1236498,,,,,,,,,,,,,,,,,,,,
65,-519.3140493,-771.2477467,,,,,,,,,,,,,,,,,,,,
66,-735.9518937,-770.720943,,,,,,,,,,,,,,,,,,,,
67,-732.9381333,-770.1653134,,,,,,,,,,,,,,,,,,,,
68,-716.9077485,-769.3934646,,,,,,,,,,,,,,,,,,,,
69,-1074.590098,-773.7534165,,,,,,,,,,,,,,,,,,,,
70,-816.6211463,-774.3571874,,,,,,,,,,,,,,,,,,,,
71,-683.8704539,-773.1004272,,,,,,,,,,,,,,,,,,,,
72,-1055.269335,-776.9657547,,,,,,,,,,,,,,,,,,,,
73,-847.5422947,-777.9194917,,,,,,,,,,,,,,,,,,,,
74,-725.3131573,-777.2180739,,,,,,,,,,,,,,,,,,,,
75,-554.5952863,-774.2888267,,,,,,,,,,,,,,,,,,,,
76,-712.5015307,-773.4863943,,,,,,,,,,,,,,,,,,,,
77,-842.4502874,-774.3705468,,,,,,,,,,,,,,,,,,,,
78,-1058.057652,-777.9615228,,,,,,,,,,,,,,,,,,,,
79,-945.9002385,-780.0607567,,,,,,,,,,,,,,,,,,,,
80,-1061.153727,-783.5310403,,,,,,,,,,,,,,,,,,,,
81,-1105.928399,-787.4627154,,,,,,,,,,,,,,,,,,,,
82,-943.8767915,-789.3472224,,,,,,,,,,,,,,,,,,,,
83,-1004.400903,-791.9073852,,,,,,,,,,,,,,,,,,,,
84,-1029.101756,-794.6979072,,,,,,,,,,,,,,,,,,,,
85,-1040.673669,-797.5580905,,,,,,,,,,,,,,,,,,,,
86,-749.2694957,-797.0030492,,,,,,,,,,,,,,,,,,,,
87,-797.7188759,-797.0111836,,,,,,,,,,,,,,,,,,,,
88,-663.0483903,-795.5059837,,,,,,,,,,,,,,,,,,,,
89,-658.3575254,-793.9821119,,,,,,,,,,,,,,,,,,,,
90,-897.0383269,-795.1145978,,,,,,,,,,,,,,,,,,,,
91,-527.2218206,-792.2027198,,,,,,,,,,,,,,,,,,,,
92,-514.3569787,-789.2151312,,,,,,,,,,,,,,,,,,,,
93,-502.7560492,-786.1676941,,,,,,,,,,,,,,,,,,,,
94,-297.4144654,-781.0229233,,,,,,,,,,,,,,,,,,,,
95,-513.7233668,-778.2385529,,,,,,,,,,,,,,,,,,,,
96,-6.938321493,-770.2870041,,,,,,,,,,,,,,,,,,,,
97,-262.7254755,-765.1078049,,,,,,,,,,,,,,,,,,,,
98,-126.3118832,-758.6553208,,,,,,,,,,,,,,,,,,,,
99,-255.0017974,-753.6187856,,,,,,,,,,,,,,,,,,,,
100,-382.9309887,-749.9486094,,,,,,,,,,,,,,,,,,,,
101,-251.3303757,-745.0601953,,,,,,,,,,,,,,,,,,,,
102,-238.0783384,-740.1380414,,,,,,,,,,,,,,,,,,,,
103,-115.2002277,-734.1290239,,,,,,,,,,,,,,,,,,,,
104,-287.8402794,-729.8786549,,,,,,,,,,,,,,,,,,,,
105,-121.6683646,-724.140822,,,,,,,,,,,,,,,,,,,,
106,-124.4321383,-718.5360679,,,,,,,,,,,,,,,,,,,,
107,-118.3192235,-712.9785046,,,,,,,,,,,,,,,,,,,,
108,-120.4316846,-707.5422952,,,,,,,,,,,,,,,,,,,,
109,-263.9155621,-703.5093249,,,,,,,,,,,,,,,,,,,,
110,-255.6957463,-699.4749683,,,,,,,,,,,,,,,,,,,,
111,-331.7575075,-696.1917767,,,,,,,,,,,,,,,,,,,,
112,-123.1501854,-691.1206122,,,,,,,,,,,,,,,,,,,,
113,-291.5437367,-687.6155519,,,,,,,,,,,,,,,,,,,,
114,-352.0240519,-684.6973649,,,,,,,,,,,,,,,,,,,,
115,-234.6757766,-680.8178685,,,,,,,,,,,,,,,,,,,,
116,-114.9035873,-675.9809943,,,,,,,,,,,,,,,,,,,,
117,-239.9009562,-672.2854007,,,,,,,,,,,,,,,,,,,,
118,-117.1729694,-667.6205904,,,,,,,,,,,,,,,,,,,,
119,-244.7233599,-664.0964468,,,,,,,,,,,,,,,,,,,,
120,-229.5234226,-660.5049342,,,,,,,,,,,,,,,,,,,,
121,-326.0455167,-657.7634636,,,,,,,,,,,,,,,,,,,,
122,-119.1394396,-653.3844065,,,,,,,,,,,,,,,,,,,,
123,-3.627272139,-648.1444296,,,,,,,,,,,,,,,,,,,,
124,-120.6998119,-643.9248726,,,,,,,,,,,,,,,,,,,,
125,-125.6148197,-639.8113008,,,,,,,,,,,,,,,,,,,,
126,-350.4623899,-637.5329629,,,,,,,,,,,,,,,,,,,,
127,-118.6071431,-633.4788549,,,,,,,,,,,,,,,,,,,,
128,-240.1501601,-630.4297953,,,,,,,,,,,,,,,,,,,,
129,-1.831147383,-625.5944211,,,,,,,,,,,,,,,,,,,,
130,-1.916775378,-620.833523,,,,,,,,,,,,,,,,,,,,
131,-116.7716082,-617.0148722,,,,,,,,,,,,,,,,,,,,
132,-119.2719901,-613.2724445,,,,,,,,,,,,,,,,,,,,
133,-117.8971975,-609.5756143,,,,,,,,,,,,,,,,,,,,
134,-119.804911,-605.9476831,,,,,,,,,,,,,,,,,,,,
135,-239.0540338,-603.2499357,,,,,,,,,,,,,,,,,,,,
136,-235.0553431,-600.5623839,,,,,,,,,,,,,,,,,,,,
137,-120.1064949,-597.0808195,,,,,,,,,,,,,,,,,,,,
138,-121.9090849,-593.6623178,,,,,,,,,,,,,,,,,,,,
139,-119.4553391,-590.2751251,,,,,,,,,,,,,,,,,,,,
140,-121.9051319,-586.9533521,,,,,,,,,,,,,,,,,,,,
141,-225.7261227,-584.4094984,,,,,,,,,,,,,,,,,,,,
142,-117.8456136,-581.1468139,,,,,,,,,,,,,,,,,,,,
143,-117.4977542,-577.9270288,,,,,,,,,,,,,,,,,,,,
144,-117.6786887,-574.7529023,,,,,,,,,,,,,,,,,,,,
145,-118.9632203,-571.6310551,,,,,,,,,,,,,,,,,,,,
146,-1.267087325,-567.7510281,,,,,,,,,,,,,,,,,,,,
147,-228.9624297,-565.461916,,,,,,,,,,,,,,,,,,,,
148,-126.882106,-562.5184273,,,,,,,,,,,,,,,,,,,,
149,-118.0695227,-559.5554346,,,,,,,,,,,,,,,,,,,,
150,-122.0140374,-556.6578095,,,,,,,,,,,,,,,,,,,,
151,-122.709696,-553.8028877,,,,,,,,,,,,,,,,,,,,
152,-123.0850352,-550.9877383,,,,,,,,,,,,,,,,,,,,
153,-114.4231873,-548.1529036,,,,,,,,,,,,,,,,,,,,
154,-117.7318822,-545.3759938,,,,,,,,,,,,,,,,,,,,
155,-124.4616596,-542.677825,,,,,,,,,,,,,,,,,,,,
156,-261.0723592,-540.8841596,,,,,,,,,,,,,,,,,,,,
157,-122.7555052,-538.2377757,,,,,,,,,,,,,,,,,,,,
158,-238.7560866,-536.354243,,,,,,,,,,,,,,,,,,,,
159,-123.4903461,-533.7738437,,,,,,,,,,,,,,,,,,,,
160,-117.2517758,-531.1867501,,,,,,,,,,,,,,,,,,,,
161,-120.6677339,-528.6526821,,,,,,,,,,,,,,,,,,,,
162,-126.7567563,-526.1870629,,,,,,,,,,,,,,,,,,,,
163,-120.4690089,-523.7131723,,,,,,,,,,,,,,,,,,,,
164,-123.6632555,-521.2886274,,,,,,,,,,,,,,,,,,,,
165,-125.2527685,-518.9028692,,,,,,,,,,,,,,,,,,,,
166,-116.9017201,-516.4956767,,,,,,,,,,,,,,,,,,,,
167,-127.5769627,-514.1806844,,,,,,,,,,,,,,,,,,,,
168,-129.2374162,-511.9029135,,,,,,,,,,,,,,,,,,,,
169,-225.4317787,-510.2177892,,,,,,,,,,,,,,,,,,,,
170,-116.3118654,-507.9142458,,,,,,,,,,,,,,,,,,,,
171,-116.3329365,-505.6376103,,,,,,,,,,,,,,,,,,,,
172,-1.559553089,-502.7238643,,,,,,,,,,,,,,,,,,,,
173,-119.0703809,-500.5189592,,,,,,,,,,,,,,,,,,,,
174,-342.023503,-499.6132709,,,,,,,,,,,,,,,,,,,,
175,-114.2690106,-497.4238149,,,,,,,,,,,,,,,,,,,,
176,-118.1892886,-495.2812469,,,,,,,,,,,,,,,,,,,,
177,-121.1877319,-493.179598,,,,,,,,,,,,,,,,,,,,
178,-266.8649977,-491.9152706,,,,,,,,,,,,,,,,,,,,
179,-117.3181017,-489.8341752,,,,,,,,,,,,,,,,,,,,
180,-297.2602826,-488.770231,,,,,,,,,,,,,,,,,,,,
181,-3.488930414,-486.1038503,,,,,,,,,,,,,,,,,,,,
182,-123.3099701,-484.1213701,,,,,,,,,,,,,,,,,,,,
183,-285.5684376,-483.042278,,,,,,,,,,,,,,,,,,,,
184,-129.4884972,-481.1311765,,,,,,,,,,,,,,,,,,,,
185,-116.6685905,-479.1717002,,,,,,,,,,,,,,,,,,,,
186,-244.0637828,-477.9144386,,,,,,,,,,,,,,,,,,,,
187,-120.9973051,-476.0159433,,,,,,,,,,,,,,,,,,,,
188,-117.2247375,-474.1175771,,,,,,,,,,,,,,,,,,,,
189,-117.9297284,-472.2429042,,,,,,,,,,,,,,,,,,,,
190,-230.3743927,-470.9765769,,,,,,,,,,,,,,,,,,,,
191,-122.1412922,-469.1597265,,,,,,,,,,,,,,,,,,,,
192,-117.8141512,-467.3392831,,,,,,,,,,,,,,,,,,,,
193,-116.4935639,-465.5308,,,,,,,,,,,,,,,,,,,,
194,-232.5925938,-464.3362451,,,,,,,,,,,,,,,,,,,,
195,-232.0805671,-463.1512671,,,,,,,,,,,,,,,,,,,,
196,-250.1046503,-462.0698122,,,,,,,,,,,,,,,,,,,,
197,-123.1943202,-460.3583198,,,,,,,,,,,,,,,,,,,,
198,-118.6804206,-458.6413455,,,,,,,,,,,,,,,,,,,,
199,-3.360759107,-456.3649425,,,,,,,,,,,,,,,,,,,,
200,-244.160716,-455.3092001,,,,,,,,,,,,,,,,,,,,
201,-126.8790109,-453.6833081,,,,,,,,,,,,,,,,,,,,
202,-116.5427846,-452.0225173,,,,,,,,,,,,,,,,,,,,
203,-117.4180635,-450.3822994,,,,,,,,,,,,,,,,,,,,
204,-127.9437661,-448.8094285,,,,,,,,,,,,,,,,,,,,
205,-117.3647594,-447.2004738,,,,,,,,,,,,,,,,,,,,
206,-120.2902891,-445.6211976,,,,,,,,,,,,,,,,,,,,
207,-126.2969712,-444.085985,,,,,,,,,,,,,,,,,,,,
208,-114.6342327,-442.5096608,,,,,,,,,,,,,,,,,,,,
209,-228.9364488,-441.4926455,,,,,,,,,,,,,,,,,,,,
210,-114.6280685,-439.9435243,,,,,,,,,,,,,,,,,,,,
211,-127.1713398,-438.4681838,,,,,,,,,,,,,,,,,,,,
212,-119.2789761,-436.9696429,,,,,,,,,,,,,,,,,,,,
213,-235.8903904,-436.0300202,,,,,,,,,,,,,,,,,,,,
214,-245.7012016,-435.1447699,,,,,,,,,,,,,,,,,,,,
215,-116.7491303,-433.670716,,,,,,,,,,,,,,,,,,,,
216,-1.832903082,-431.68068,,,,,,,,,,,,,,,,,,,,
217,-123.4499839,-430.2667777,,,,,,,,,,,,,,,,,,,,
218,-124.5972699,-428.8710266,,,,,,,,,,,,,,,,,,,,
219,-315.7921165,-428.3570315,,,,,,,,,,,,,,,,,,,,
220,-118.1150727,-426.9532217,,,,,,,,,,,,,,,,,,,,
221,-121.6334467,-425.5779074,,,,,,,,,,,,,,,,,,,,
222,-3.648027986,-423.6858452,,,,,,,,,,,,,,,,,,,,
223,-225.8867643,-422.8028136,,,,,,,,,,,,,,,,,,,,
224,-121.290707,-421.4627598,,,,,,,,,,,,,,,,,,,,
225,-226.7390209,-420.6011503,,,,,,,,,,,,,,,,,,,,
226,-224.3343401,-419.7365388,,,,,,,,,,,,,,,,,,,,
227,-251.1250719,-418.9970148,,,,,,,,,,,,,,,,,,,,
228,-114.4692994,-417.6671995,,,,,,,,,,,,,,,,,,,,
229,-242.9666269,-416.9076318,,,,,,,,,,,,,,,,,,,,
230,-128.1718839,-415.6576935,,,,,,,,,,,,,,,,,,,,
231,-119.1203227,-414.3795152,,,,,,,,,,,,,,,,,,,,
232,-121.0972613,-413.120793,,,,,,,,,,,,,,,,,,,,
233,-117.3465873,-411.8568007,,,,,,,,,,,,,,,,,,,,
234,-118.6463165,-410.6090965,,,,,,,,,,,,,,,,,,,,
235,-128.9916786,-409.4158024,,,,,,,,,,,,,,,,,,,,
236,-121.4055174,-408.2005691,,,,,,,,,,,,,,,,,,,,
237,-278.1526238,-407.6541492,,,,,,,,,,,,,,,,,,,,
238,-118.6176883,-406.4447916,,,,,,,,,,,,,,,,,,,,
239,-123.9614819,-405.2677778,,,,,,,,,,,,,,,,,,,,
240,-1.445924133,-403.5921684,,,,,,,,,,,,,,,,,,,,
241,-238.3722465,-402.9094415,,,,,,,,,,,,,,,,,,,,
242,-116.9751441,-401.7327571,,,,,,,,,,,,,,,,,,,,
243,-115.3236326,-400.5589493,,,,,,,,,,,,,,,,,,,,
244,-122.9222945,-399.4257384,,,,,,,,,,,,,,,,,,,,
245,-235.7793326,-398.7605091,,,,,,,,,,,,,,,,,,,,
246,-116.1648989,-397.6163973,,,,,,,,,,,,,,,,,,,,
247,-237.0527502,-396.9689633,,,,,,,,,,,,,,,,,,,,
248,-116.7937856,-395.8437618,,,,,,,,,,,,,,,,,,,,
249,-122.116452,-394.7488525,,,,,,,,,,,,,,,,,,,,
250,-237.9548027,-394.124175,,,,,,,,,,,,,,,,,,,,
251,-243.9515521,-393.5282519,,,,,,,,,,,,,,,,,,,,
252,-116.4485643,-392.4330753,,,,,,,,,,,,,,,,,,,,
253,-124.6911823,-391.3789734,,,,,,,,,,,,,,,,,,,,
254,-230.4353948,-390.7478221,,,,,,,,,,,,,,,,,,,,
255,-125.5787431,-389.7120054,,,,,,,,,,,,,,,,,,,,
256,-244.1487102,-389.1456112,,,,,,,,,,,,,,,,,,,,
257,-1.764357437,-387.6441335,,,,,,,,,,,,,,,,,,,,
258,-225.0347344,-387.016298,,,,,,,,,,,,,,,,,,,,
259,-119.2013228,-385.9862404,,,,,,,,,,,,,,,,,,,,
260,-130.2309323,-385.006335,,,,,,,,,,,,,,,,,,,,
261,-126.1117057,-384.0181875,,,,,,,,,,,,,,,,,,,,
262,-129.3943067,-383.0500359,,,,,,,,,,,,,,,,,,,,
263,-239.8537033,-382.5076255,,,,,,,,,,,,,,,,,,,,
264,-319.5775484,-382.2701536,,,,,,,,,,,,,,,,,,,,
265,-298.6714517,-381.9558727,,,,,,,,,,,,,,,,,,,,
266,-119.3491843,-380.9723271,,,,,,,,,,,,,,,,,,,,
267,-119.8647483,-379.9980451,,,,,,,,,,,,,,,,,,,,
268,-342.6617213,-379.8592483,,,,,,,,,,,,,,,,,,,,
269,-235.8044632,-379.3257121,,,,,,,,,,,,,,,,,,,,
270,-249.0541709,-378.8450053,,,,,,,,,,,,,,,,,,,,
271,-123.7243699,-377.9070618,,,,,,,,,,,,,,,,,,,,
272,-120.9433131,-376.9658026,,,,,,,,,,,,,,,,,,,,
273,-128.1911326,-376.0578659,,,,,,,,,,,,,,,,,,,,
274,-127.1137812,-375.1526147,,,,,,,,,,,,,,,,,,,,
275,-120.1535086,-374.2287048,,,,,,,,,,,,,,,,,,,,
276,-125.5927921,-373.3311023,,,,,,,,,,,,,,,,,,,,
277,-118.2705087,-372.4136181,,,,,,,,,,,,,,,,,,,,
278,-230.761079,-371.9059029,,,,,,,,,,,,,,,,,,,,
279,-125.8739828,-371.0272175,,,,,,,,,,,,,,,,,,,,
280,-259.389031,-370.6299286,,,,,,,,,,,,,,,,,,,,
281,-240.1656019,-370.1672891,,,,,,,,,,,,,,,,,,,,
282,-123.5481164,-369.2958433,,,,,,,,,,,,,,,,,,,,
283,-335.298088,-369.1761329,,,,,,,,,,,,,,,,,,,,
284,-1.255926759,-367.8851848,,,,,,,,,,,,,,,,,,,,
285,-123.5428691,-367.030841,,,,,,,,,,,,,,,,,,,,
286,-117.9553562,-366.1629822,,,,,,,,,,,,,,,,,,,,
287,-127.5828951,-365.3345791,,,,,,,,,,,,,,,,,,,,
288,-125.0358883,-364.5030958,,,,,,,,,,,,,,,,,,,,
289,-119.6274527,-363.658697,,,,,,,,,,,,,,,,,,,,
290,-237.7400831,-363.225987,,,,,,,,,,,,,,,,,,,,
291,-0.786166281,-361.9847547,,,,,,,,,,,,,,,,,,,,
292,-232.2819518,-361.542083,,,,,,,,,,,,,,,,,,,,
293,-123.1237689,-360.7311364,,,,,,,,,,,,,,,,,,,,
294,-350.555999,-360.6966444,,,,,,,,,,,,,,,,,,,,
295,-117.4767185,-359.8749555,,,,,,,,,,,,,,,,,,,,
296,-123.3998264,-359.0787429,,,,,,,,,,,,,,,,,,,,
297,-126.4301423,-358.2980429,,,,,,,,,,,,,,,,,,,,
298,-115.6292332,-357.4864415,,,,,,,,,,,,,,,,,,,,
299,-249.6571737,-357.1270106,,,,,,,,,,,,,,,,,,,,
300,-120.3385372,-356.340338,,,,,,,,,,,,,,,,,,,,
301,-122.3079826,-355.5653964,,,,,,,,,,,,,,,,,,,,
302,-126.3403408,-354.8088781,,,,,,,,,,,,,,,,,,,,
303,-245.7010373,-354.4499707,,,,,,,,,,,,,,,,,,,,
304,-117.2082257,-353.6721289,,,,,,,,,,,,,,,,,,,,
305,-119.6253934,-352.9072703,,,,,,,,,,,,,,,,,,,,
306,-118.411133,-352.1434392,,,,,,,,,,,,,,,,,,,,
307,-127.4921538,-351.4140519,,,,,,,,,,,,,,,,,,,,
308,-335.1639102,-351.3614625,,,,,,,,,,,,,,,,,,,,
309,-236.8069544,-350.9919318,,,,,,,,,,,,,,,,,,,,
310,-130.2218553,-350.2820602,,,,,,,,,,,,,,,,,,,,
311,-116.9316799,-349.5341423,,,,,,,,,,,,,,,,,,,,
312,-228.3969044,-349.1471224,,,,,,,,,,,,,,,,,,,,
313,-118.0897847,-348.411271,,,,,,,,,,,,,,,,,,,,
314,-234.0274795,-348.0481478,,,,,,,,,,,,,,,,,,,,
315,-118.1717454,-347.3206908,,,,,,,,,,,,,,,,,,,,
316,-125.6440552,-346.6213955,,,,,,,,,,,,,,,,,,,,
317,-126.18773,-345.9282078,,,,,,,,,,,,,,,,,,,,
318,-126.004458,-345.2387917,,,,,,,,,,,,,,,,,,,,
319,-0.879845325,-344.16267,,,,,,,,,,,,,,,,,,,,
320,-237.1262538,-343.8292232,,,,,,,,,,,,,,,,,,,,
321,-242.9032423,-343.5157885,,,,,,,,,,,,,,,,,,,,
322,-118.912005,-342.8204207,,,,,,,,,,,,,,,,,,,,
323,-116.0812233,-342.1206084,,,,,,,,,,,,,,,,,,,,
324,-1.270243324,-341.071838,,,,,,,,,,,,,,,,,,,,
325,-120.3225957,-340.3946931,,,,,,,,,,,,,,,,,,,,
326,-241.9811432,-340.0937343,,,,,,,,,,,,,,,,,,,,
327,-118.5033218,-339.4181537,,,,,,,,,,,,,,,,,,,,
328,-126.8762491,-338.7721297,,,,,,,,,,,,,,,,,,,,
329,-349.238286,-338.8038453,,,,,,,,,,,,,,,,,,,,
330,-236.5735128,-338.4949924,,,,,,,,,,,,,,,,,,,,
331,-237.0211264,-338.1893482,,,,,,,,,,,,,,,,,,,,
332,-124.118427,-337.5464926,,,,,,,,,,,,,,,,,,,,
333,-121.5167058,-336.8996968,,,,,,,,,,,,,,,,,,,,
334,-235.3249757,-336.5964887,,,,,,,,,,,,,,,,,,,,
335,-125.5139805,-335.9682669,,,,,,,,,,,,,,,,,,,,
336,-117.289652,-335.319369,,,,,,,,,,,,,,,,,,,,
337,-340.2247925,-335.333882,,,,,,,,,,,,,,,,,,,,
338,-117.9423014,-334.6926089,,,,,,,,,,,,,,,,,,,,
339,-1.488502466,-333.7125969,,,,,,,,,,,,,,,,,,,,
340,-126.9221843,-333.1061734,,,,,,,,,,,,,,,,,,,,
341,-119.250299,-332.4808638,,,,,,,,,,,,,,,,,,,,
342,-0.85201811,-331.5140159,,,,,,,,,,,,,,,,,,,,
343,-124.6350306,-330.9126235,,,,,,,,,,,,,,,,,,,,
344,-121.9620746,-330.3069697,,,,,,,,,,,,,,,,,,,,
345,-117.0127178,-329.6905123,,,,,,,,,,,,,,,,,,,,
346,-119.552763,-329.084928,,,,,,,,,,,,,,,,,,,,
347,-247.7806355,-328.851295,,,,,,,,,,,,,,,,,,,,
348,-117.8632538,-328.2467447,,,,,,,,,,,,,,,,,,,,
349,-233.0198069,-327.9746678,,,,,,,,,,,,,,,,,,,,
350,-126.6240196,-327.4010192,,,,,,,,,,,,,,,,,,,,
351,-0.491415914,-326.4722987,,,,,,,,,,,,,,,,,,,,
352,-328.6871508,-326.4785731,,,,,,,,,,,,,,,,,,,,
353,-121.8753272,-325.9005978,,,,,,,,,,,,,,,,,,,,
354,-268.6072222,-325.739208,,,,,,,,,,,,,,,,,,,,
355,-124.2027997,-325.1730945,,,,,,,,,,,,,,,,,,,,
356,-121.7744689,-324.6033505,,,,,,,,,,,,,,,,,,,,
357,-2.372960601,-323.7032656,,,,,,,,,,,,,,,,,,,,
358,-124.3315684,-323.1479127,,,,,,,,,,,,,,,,,,,,
359,-126.3198899,-322.6011682,,,,,,,,,,,,,,,,,,,,
360,-115.1029102,-322.0263808,,,,,,,,,,,,,,,,,,,,
361,-250.0941132,-321.8276728,,,,,,,,,,,,,,,,,,,,
362,-113.5969281,-321.2540344,,,,,,,,,,,,,,,,,,,,
363,-0.959166664,-320.3741035,,,,,,,,,,,,,,,,,,,,
364,-234.4286703,-320.1386365,,,,,,,,,,,,,,,,,,,,
365,-239.1454699,-319.9173437,,,,,,,,,,,,,,,,,,,,
366,-3.593009134,-319.0554246,,,,,,,,,,,,,,,,,,,,
367,-128.8148265,-318.5384664,,,,,,,,,,,,,,,,,,,,
368,-231.3342444,-318.3021406,,,,,,,,,,,,,,,,,,,,
369,-0.689399668,-317.4437278,,,,,,,,,,,,,,,,,,,,
370,-225.9509366,-317.1971165,,,,,,,,,,,,,,,,,,,,
371,-235.2725509,-316.9768892,,,,,,,,,,,,,,,,,,,,
372,-1.621190217,-316.1314315,,,,,,,,,,,,,,,,,,,,
373,-126.2467221,-315.6237184,,,,,,,,,,,,,,,,,,,,
374,-122.9365361,-315.1098859,,,,,,,,,,,,,,,,,,,,
375,-239.4649789,-314.9087026,,,,,,,,,,,,,,,,,,,,
376,-229.481354,-314.6821049,,,,,,,,,,,,,,,,,,,,
377,-117.6368028,-314.160821,,,,,,,,,,,,,,,,,,,,
378,-228.192459,-313.9339916,,,,,,,,,,,,,,,,,,,,
379,-118.8016129,-313.4204853,,,,,,,,,,,,,,,,,,,,
380,-0.770957003,-312.5998829,,,,,,,,,,,,,,,,,,,,
381,-121.4336516,-312.0994477,,,,,,,,,,,,,,,,,,,,
382,-121.2582111,-311.6011677,,,,,,,,,,,,,,,,,,,,
383,-119.3922675,-311.1006237,,,,,,,,,,,,,,,,,,,,
384,-307.5472829,-311.0913943,,,,,,,,,,,,,,,,,,,,
385,-1.286256215,-310.2887903,,,,,,,,,,,,,,,,,,,,
386,-0.735316819,-309.4889105,,,,,,,,,,,,,,,,,,,,
387,-241.540698,-309.3137863,,,,,,,,,,,,,,,,,,,,
388,-117.0761968,-308.8196022,,,,,,,,,,,,,,,,,,,,
389,-127.3168219,-308.3542105,,,,,,,,,,,,,,,,,,,,
390,-0.676758814,-307.5673116,,,,,,,,,,,,,,,,,,,,
391,-0.982591343,-306.7852077,,,,,,,,,,,,,,,,,,,,
392,-369.1387749,-306.9438682,,,,,,,,,,,,,,,,,,,,
393,-114.9508614,-306.4565763,,,,,,,,,,,,,,,,,,,,
394,-121.690987,-305.9888153,,,,,,,,,,,,,,,,,,,,
395,-125.3057708,-305.532545,,,,,,,,,,,,,,,,,,,,
396,-0.683860689,-304.7646642,,,,,,,,,,,,,,,,,,,,
397,-251.8789862,-304.6317856,,,,,,,,,,,,,,,,,,,,
398,-122.5711505,-304.1754933,,,,,,,,,,,,,,,,,,,,
399,-123.5523061,-303.7239353,,,,,,,,,,,,,,,,,,,,
400,-119.2842923,-303.2639861,,,,,,,,,,,,,,,,,,,,
401,-339.7722534,-303.3548027,,,,,,,,,,,,,,,,,,,,
402,-229.556582,-303.1716805,,,,,,,,,,,,,,,,,,,,
403,-117.7138765,-302.7126266,,,,,,,,,,,,,,,,,,,,
404,-1.269715352,-301.9683231,,,,,,,,,,,,,,,,,,,,
405,-243.1047103,-301.8233388,,,,,,,,,,,,,,,,,,,,
406,-121.2468827,-301.379662,,,,,,,,,,,,,,,,,,,,
407,-303.2834718,-301.3843282,,,,,,,,,,,,,,,,,,,,
408,-119.5967046,-300.9398597,,,,,,,,,,,,,,,,,,,,
409,-117.3205102,-300.4920076,,,,,,,,,,,,,,,,,,,,
410,-236.9659372,-300.337443,,,,,,,,,,,,,,,,,,,,
411,-334.43149,-300.4201955,,,,,,,,,,,,,,,,,,,,
412,-232.2437234,-300.2551193,,,,,,,,,,,,,,,,,,,,
413,-223.5880757,-300.0699332,,,,,,,,,,,,,,,,,,,,
414,-120.0106339,-299.6360554,,,,,,,,,,,,,,,,,,,,
415,-239.2222003,-299.4908298,,,,,,,,,,,,,,,,,,,,
416,-125.4992648,-299.0735838,,,,,,,,,,,,,,,,,,,,
417,-223.0995337,-298.8918277,,,,,,,,,,,,,,,,,,,,
418,-120.5877383,-298.466281,,,,,,,,,,,,,,,,,,,,
419,-1.2185641,-297.7585483,,,,,,,,,,,,,,,,,,,,
420,-120.720352,-297.33803,,,,,,,,,,,,,,,,,,,,
421,-1.253600432,-296.6364082,,,,,,,,,,,,,,,,,,,,
422,-291.2461271,-296.6236652,,,,,,,,,,,,,,,,,,,,
423,-236.9457489,-296.4829154,,,,,,,,,,,,,,,,,,,,
424,-121.5698594,-296.0713552,,,,,,,,,,,,,,,,,,,,
425,-114.604177,-295.645376,,,,,,,,,,,,,,,,,,,,
426,-127.2055233,-295.2509032,,,,,,,,,,,,,,,,,,,,
427,-128.8711203,-294.8621654,,,,,,,,,,,,,,,,,,,,
428,-119.577354,-294.4535761,,,,,,,,,,,,,,,,,,,,
429,-3.263258738,-293.7763893,,,,,,,,,,,,,,,,,,,,
430,-121.0683819,-293.3756747,,,,,,,,,,,,,,,,,,,,
431,-125.0084349,-292.9859357,,,,,,,,,,,,,,,,,,,,
432,-307.3886344,-293.0191983,,,,,,,,,,,,,,,,,,,,
433,-232.6605391,-292.880123,,,,,,,,,,,,,,,,,,,,
434,-115.6530979,-292.4727046,,,,,,,,,,,,,,,,,,,,
435,-115.2501036,-292.0662307,,,,,,,,,,,,,,,,,,,,
436,-125.2951837,-291.6846036,,,,,,,,,,,,,,,,,,,,
437,-1.48816512,-291.0220547,,,,,,,,,,,,,,,,,,,,
438,-118.9028674,-290.6299836,,,,,,,,,,,,,,,,,,,,
439,-229.5093882,-290.4910732,,,,,,,,,,,,,,,,,,,,
440,-127.4374675,-290.1213371,,,,,,,,,,,,,,,,,,,,
441,-0.531851654,-289.4661573,,,,,,,,,,,,,,,,,,,,
442,-125.7438098,-289.0965809,,,,,,,,,,,,,,,,,,,,
443,-223.8265003,-288.9495762,,,,,,,,,,,,,,,,,,,,
444,-0.833151541,-288.3021236,,,,,,,,,,,,,,,,,,,,
445,-122.5958539,-287.9305849,,,,,,,,,,,,,,,,,,,,
446,-120.1455553,-287.5552268,,,,,,,,,,,,,,,,,,,,
447,-125.6708192,-287.1938777,,,,,,,,,,,,,,,,,,,,
448,-124.9105384,-286.8324449,,,,,,,,,,,,,,,,,,,,
449,-118.7530013,-286.458935,,,,,,,,,,,,,,,,,,,,
450,-114.3739593,-286.0773719,,,,,,,,,,,,,,,,,,,,
451,-129.8727971,-285.7317865,,,,,,,,,,,,,,,,,,,,
452,-121.9748604,-285.3702922,,,,,,,,,,,,,,,,,,,,
453,-233.2389038,-285.2554654,,,,,,,,,,,,,,,,,,,,
454,-238.8636481,-285.1535053,,,,,,,,,,,,,,,,,,,,
455,-2.212517797,-284.5330207,,,,,,,,,,,,,,,,,,,,
456,-241.3709842,-284.4385742,,,,,,,,,,,,,,,,,,,,
457,-236.8074776,-284.3345762,,,,,,,,,,,,,,,,,,,,
458,-0.437510482,-283.7160641,,,,,,,,,,,,,,,,,,,,
459,-126.7736299,-283.3748849,,,,,,,,,,,,,,,,,,,,
460,-237.5317216,-283.275442,,,,,,,,,,,,,,,,,,,,
461,-121.5647366,-282.9254188,,,,,,,,,,,,,,,,,,,,
462,-1.415823,-282.3174068,,,,,,,,,,,,,,,,,,,,
463,-126.1805995,-281.980905,,,,,,,,,,,,,,,,,,,,
464,-240.6434082,-281.8920072,,,,,,,,,,,,,,,,,,,,
465,-122.9987288,-281.5510345,,,,,,,,,,,,,,,,,,,,
466,-0.726427478,-280.949697,,,,,,,,,,,,,,,,,,,,
467,-1.606701382,-280.3528102,,,,,,,,,,,,,,,,,,,,
468,-126.4107575,-280.0245756,,,,,,,,,,,,,,,,,,,,
469,-117.6315025,-279.6790584,,,,,,,,,,,,,,,,,,,,
470,-0.561462063,-279.086452,,,,,,,,,,,,,,,,,,,,
471,-117.8201232,-278.7447861,,,,,,,,,,,,,,,,,,,,
472,-130.5858982,-278.4315538,,,,,,,,,,,,,,,,,,,,
473,-1.75321107,-277.8478442,,,,,,,,,,,,,,,,,,,,
474,-0.6591962,-277.2642891,,,,,,,,,,,,,,,,,,,,
475,-265.7725698,-277.2401469,,,,,,,,,,,,,,,,,,,,
476,-114.9955512,-276.9000115,,,,,,,,,,,,,,,,,,,,
477,-0.625583638,-276.3220315,,,,,,,,,,,,,,,,,,,,
478,-129.0892881,-276.0146562,,,,,,,,,,,,,,,,,,,,
479,-242.2748394,-275.944365,,,,,,,,,,,,,,,,,,,,
480,-117.9922613,-275.6159822,,,,,,,,,,,,,,,,,,,,
481,-123.7005543,-275.300805,,,,,,,,,,,,,,,,,,,,
482,-120.2334232,-274.9797545,,,,,,,,,,,,,,,,,,,,
483,-0.556114723,-274.4127635,,,,,,,,,,,,,,,,,,,,
484,-0.900281428,-273.8488202,,,,,,,,,,,,,,,,,,,,
485,-117.1823673,-273.5264613,,,,,,,,,,,,,,,,,,,,
486,-240.0303456,-273.4576807,,,,,,,,,,,,,,,,,,,,
487,-123.6778965,-273.150755,,,,,,,,,,,,,,,,,,,,
488,-0.754924129,-272.5937083,,,,,,,,,,,,,,,,,,,,
489,-127.3751259,-272.2973438,,,,,,,,,,,,,,,,,,,,
490,-224.9671178,-272.2009482,,,,,,,,,,,,,,,,,,,,
491,-117.1342161,-271.885772,,,,,,,,,,,,,,,,,,,,
492,-117.9148041,-271.5734576,,,,,,,,,,,,,,,,,,,,
493,-234.5695625,-271.498551,,,,,,,,,,,,,,,,,,,,
494,-241.3915322,-271.4377287,,,,,,,,,,,,,,,,,,,,
495,-344.6547546,-271.5853437,,,,,,,,,,,,,,,,,,,,
496,-128.9949287,-271.2984414,,,,,,,,,,,,,,,,,,,,
497,-126.5085182,-271.0076986,,,,,,,,,,,,,,,,,,,,
498,-128.0346243,-270.7211794,,,,,,,,,,,,,,,,,,,,
499,-122.9060244,-270.4255491,,,,,,,,,,,,,,,,,,,,
500,-124.3170749,-270.1339154,,,,,,,,,,,,,,,,,,,,
501,-128.2131116,-269.8512047,,,,,,,,,,,,,,,,,,,,
502,-230.7009462,-269.7733711,,,,,,,,,,,,,,,,,,,,
503,-241.9400741,-269.7181463,,,,,,,,,,,,,,,,,,,,
504,-116.6828505,-269.4151062,,,,,,,,,,,,,,,,,,,,
505,-228.4643612,-269.3341758,,,,,,,,,,,,,,,,,,,,
506,-123.1679197,-269.0458795,,,,,,,,,,,,,,,,,,,,
507,-228.4146242,-268.9658967,,,,,,,,,,,,,,,,,,,,
508,-1.156912152,-268.4397494,,,,,,,,,,,,,,,,,,,,
509,-127.5628555,-268.1635202,,,,,,,,,,,,,,,,,,,,
510,-126.2340151,-267.8857716,,,,,,,,,,,,,,,,,,,,
511,-117.0289452,-267.5911294,,,,,,,,,,,,,,,,,,,,
512,-125.1634023,-267.3134925,,,,,,,,,,,,,,,,,,,,
513,-127.6856424,-267.041843,,,,,,,,,,,,,,,,,,,,
514,-245.9119355,-267.000814,,,,,,,,,,,,,,,,,,,,
515,-129.8349941,-266.7349888,,,,,,,,,,,,,,,,,,,,
516,-1.664094835,-266.2222791,,,,,,,,,,,,,,,,,,,,
517,-233.0635711,-266.1582662,,,,,,,,,,,,,,,,,,,,
518,-227.3820019,-266.0835528,,,,,,,,,,,,,,,,,,,,
519,-127.5885965,-265.8172163,,,,,,,,,,,,,,,,,,,,
520,-122.1266814,-265.5414187,,,,,,,,,,,,,,,,,,,,
521,-114.1511428,-265.2513991,,,,,,,,,,,,,,,,,,,,
522,-233.3800655,-265.1904596,,,,,,,,,,,,,,,,,,,,
523,-121.776373,-264.9167686,,,,,,,,,,,,,,,,,,,,
524,-125.9510526,-264.652072,,,,,,,,,,,,,,,,,,,,
525,-226.1530452,-264.5788799,,,,,,,,,,,,,,,,,,,,
526,-127.6372935,-264.3190287,,,,,,,,,,,,,,,,,,,,
527,-119.955056,-264.0456121,,,,,,,,,,,,,,,,,,,,
528,-224.370436,-263.9706118,,,,,,,,,,,,,,,,,,,,
529,-0.703387124,-263.4738812,,,,,,,,,,,,,,,,,,,,
530,-1.266647898,-262.9800822,,,,,,,,,,,,,,,,,,,,
531,-237.365875,-262.9319352,,,,,,,,,,,,,,,,,,,,
532,-300.8570165,-263.0030892,,,,,,,,,,,,,,,,,,,,
533,-115.7936489,-262.7274161,,,,,,,,,,,,,,,,,,,,
534,-367.2318756,-262.9227516,,,,,,,,,,,,,,,,,,,,
535,-128.7111335,-262.6723567,,,,,,,,,,,,,,,,,,,,
536,-125.039099,-262.4160564,,,,,,,,,,,,,,,,,,,,
537,-330.2559887,-262.542153,,,,,,,,,,,,,,,,,,,,
538,-121.0058045,-262.2795623,,,,,,,,,,,,,,,,,,,,
539,-125.7489847,-262.0267279,,,,,,,,,,,,,,,,,,,,
540,-232.7255367,-261.9725668,,,,,,,,,,,,,,,,,,,,
541,-221.8060101,-261.8984587,,,,,,,,,,,,,,,,,,,,
542,-120.1351531,-261.6373845,,,,,,,,,,,,,,,,,,,,
543,-118.2568648,-261.3738174,,,,,,,,,,,,,,,,,,,,
544,-2.580881129,-260.898968,,,,,,,,,,,,,,,,,,,,
545,-119.6049512,-260.6401877,,,,,,,,,,,,,,,,,,,,
546,-237.4915577,-260.5978685,,,,,,,,,,,,,,,,,,,,
547,-224.3763073,-260.5317707,,,,,,,,,,,,,,,,,,,,
548,-1.399588144,-260.0597631,,,,,,,,,,,,,,,,,,,,
549,-130.9644775,-259.8250444,,,,,,,,,,,,,,,,,,,,
550,-128.356535,-259.5864446,,,,,,,,,,,,,,,,,,,,
551,-123.3034868,-259.3395551,,,,,,,,,,,,,,,,,,,,
552,-126.5708351,-259.099467,,,,,,,,,,,,,,,,,,,,
553,-279.3928798,-259.1360978,,,,,,,,,,,,,,,,,,,,
554,-123.0280396,-258.890858,,,,,,,,,,,,,,,,,,,,
555,-0.657693994,-258.4264099,,,,,,,,,,,,,,,,,,,,
556,-0.608376875,-257.9635409,,,,,,,,,,,,,,,,,,,,
557,-245.7475001,-257.9416483,,,,,,,,,,,,,,,,,,,,
558,-118.4940798,-257.6921893,,,,,,,,,,,,,,,,,,,,
559,-321.6325043,-257.8063685,,,,,,,,,,,,,,,,,,,,
560,-115.0402675,-257.5518835,,,,,,,,,,,,,,,,,,,,
561,-122.7605568,-257.3120412,,,,,,,,,,,,,,,,,,,,
562,-117.1904726,-257.0631575,,,,,,,,,,,,,,,,,,,,
563,-127.232972,-256.8329621,,,,,,,,,,,,,,,,,,,,
564,-118.0903617,-256.5874,,,,,,,,,,,,,,,,,,,,
565,-1.381695456,-256.1365065,,,,,,,,,,,,,,,,,,,,
566,-0.669808915,-255.6859479,,,,,,,,,,,,,,,,,,,,
567,-245.6092225,-255.6682072,,,,,,,,,,,,,,,,,,,,
568,-1.315146974,-255.2211895,,,,,,,,,,,,,,,,,,,,
569,-117.2975412,-254.9792182,,,,,,,,,,,,,,,,,,,,
570,-116.9843421,-254.7375459,,,,,,,,,,,,,,,,,,,,
571,-345.5404394,-254.8962923,,,,,,,,,,,,,,,,,,,,
572,-122.3868625,-254.6650367,,,,,,,,,,,,,,,,,,,,
573,-127.4436336,-254.4433966,,,,,,,,,,,,,,,,,,,,
574,-226.3289439,-254.3945019,,,,,,,,,,,,,,,,,,,,
575,-125.0584035,-254.1699601,,,,,,,,,,,,,,,,,,,,
576,-128.3455284,-253.9518935,,,,,,,,,,,,,,,,,,,,
577,-326.1441283,-254.0767936,,,,,,,,,,,,,,,,,,,,
578,-119.4425955,-253.8442647,,,,,,,,,,,,,,,,,,,,
579,-126.9854148,-253.6255426,,,,,,,,,,,,,,,,,,,,
580,-125.4929943,-253.4050046,,,,,,,,,,,,,,,,,,,,
581,-310.9924596,-253.5039521,,,,,,,,,,,,,,,,,,,,
582,-126.3044959,-253.2857712,,,,,,,,,,,,,,,,,,,,
583,-216.2584052,-253.2223682,,,,,,,,,,,,,,,,,,,,
584,-1.218129397,-252.7915917,,,,,,,,,,,,,,,,,,,,
585,-128.0856861,-252.578783,,,,,,,,,,,,,,,,,,,,
586,-126.9608553,-252.3647832,,,,,,,,,,,,,,,,,,,,
587,-115.5289956,-252.1320692,,,,,,,,,,,,,,,,,,,,
588,-116.5695336,-251.9019121,,,,,,,,,,,,,,,,,,,,
589,-240.3788157,-251.8823815,,,,,,,,,,,,,,,,,,,,
590,-116.8396972,-251.6538828,,,,,,,,,,,,,,,,,,,,
591,-0.781676336,-251.2301122,,,,,,,,,,,,,,,,,,,,
592,-126.2074727,-251.0192815,,,,,,,,,,,,,,,,,,,,
593,-220.7139454,-250.9682624,,,,,,,,,,,,,,,,,,,,
594,-116.7366048,-250.7426629,,,,,,,,,,,,,,,,,,,,
595,-302.7820747,-250.8299774,,,,,,,,,,,,,,,,,,,,
596,-122.6005654,-250.6151878,,,,,,,,,,,,,,,,,,,,
597,-120.1693911,-250.397051,,,,,,,,,,,,,,,,,,,,
598,-120.5429609,-250.1802662,,,,,,,,,,,,,,,,,,,,
599,-0.617516249,-249.7643283,,,,,,,,,,,,,,,,,,,,
600,-236.4816933,-249.7422274,,,,,,,,,,,,,,,,,,,,
601,-127.0394504,-249.5384022,,,,,,,,,,,,,,,,,,,,
602,-115.5819062,-249.3162521,,,,,,,,,,,,,,,,,,,,
603,-117.9275533,-249.0987211,,,,,,,,,,,,,,,,,,,,
604,-128.3086547,-248.8990681,,,,,,,,,,,,,,,,,,,,
605,-121.9098232,-248.6895149,,,,,,,,,,,,,,,,,,,,
606,-119.1039912,-248.4760297,,,,,,,,,,,,,,,,,,,,
607,-125.739717,-248.2741608,,,,,,,,,,,,,,,,,,,,
608,-229.0028518,-248.2425166,,,,,,,,,,,,,,,,,,,,
609,-126.233939,-248.0425025,,,,,,,,,,,,,,,,,,,,
610,-115.4417519,-247.82548,,,,,,,,,,,,,,,,,,,,
611,-239.2430118,-247.8114564,,,,,,,,,,,,,,,,,,,,
612,-238.0401801,-247.7955163,,,,,,,,,,,,,,,,,,,,
613,-125.5563665,-247.5964297,,,,,,,,,,,,,,,,,,,,
614,-124.4580655,-247.3962047,,,,,,,,,,,,,,,,,,,,
615,-123.3248636,-247.1947902,,,,,,,,,,,,,,,,,,,,
616,-254.0947776,-247.2059734,,,,,,,,,,,,,,,,,,,,
617,-223.4928061,-247.1676025,,,,,,,,,,,,,,,,,,,,
618,-126.5099355,-246.972679,,,,,,,,,,,,,,,,,,,,
619,-230.7544141,-246.9465205,,,,,,,,,,,,,,,,,,,,
620,-125.4380165,-246.7508546,,,,,,,,,,,,,,,,,,,,
621,-121.0265957,-246.5487256,,,,,,,,,,,,,,,,,,,,
622,-128.7738859,-246.3596809,,,,,,,,,,,,,,,,,,,,
623,-117.4440998,-246.1530854,,,,,,,,,,,,,,,,,,,,
624,-113.3655841,-245.9406254,,,,,,,,,,,,,,,,,,,,
625,-120.8265143,-245.7407626,,,,,,,,,,,,,,,,,,,,
626,-119.8245727,-245.5399394,,,,,,,,,,,,,,,,,,,,
627,-119.1816324,-245.3387319,,,,,,,,,,,,,,,,,,,,
628,-233.5332587,-245.3199632,,,,,,,,,,,,,,,,,,,,
629,-119.3180367,-245.1199602,,,,,,,,,,,,,,,,,,,,
630,-131.9828839,-244.9406621,,,,,,,,,,,,,,,,,,,,
631,-127.7205449,-244.7551872,,,,,,,,,,,,,,,,,,,,
632,-118.2119916,-244.555277,,,,,,,,,,,,,,,,,,,,
633,-122.7119709,-244.3630951,,,,,,,,,,,,,,,,,,,,
634,-247.778618,-244.3684739,,,,,,,,,,,,,,,,,,,,
635,-233.9675954,-244.3521203,,,,,,,,,,,,,,,,,,,,
636,-122.8475059,-244.1613752,,,,,,,,,,,,,,,,,,,,
637,-117.1710741,-243.9623309,,,,,,,,,,,,,,,,,,,,
638,-120.5012833,-243.7691211,,,,,,,,,,,,,,,,,,,,
639,-237.6404921,-243.7595451,,,,,,,,,,,,,,,,,,,,
640,-120.3737397,-243.5670556,,,,,,,,,,,,,,,,,,,,
641,-234.1621359,-243.5524061,,,,,,,,,,,,,,,,,,,,
642,-125.4329302,-243.3687056,,,,,,,,,,,,,,,,,,,,
643,-121.8340831,-243.1799872,,,,,,,,,,,,,,,,,,,,
644,-119.8472687,-242.9887737,,,,,,,,,,,,,,,,,,,,
645,-124.5894859,-242.8054931,,,,,,,,,,,,,,,,,,,,
646,-239.4680827,-242.8003348,,,,,,,,,,,,,,,,,,,,
647,-243.165089,-242.8008977,,,,,,,,,,,,,,,,,,,,
648,-120.1806374,-242.6119604,,,,,,,,,,,,,,,,,,,,
649,-114.5586804,-242.4149554,,,,,,,,,,,,,,,,,,,,
650,-348.7090347,-242.5782335,,,,,,,,,,,,,,,,,,,,
651,-245.9389892,-242.5833881,,,,,,,,,,,,,,,,,,,,
652,-1.059156808,-242.2135194,,,,,,,,,,,,,,,,,,,,
653,-0.938501347,-241.8445974,,,,,,,,,,,,,,,,,,,,
654,-120.0804514,-241.6586979,,,,,,,,,,,,,,,,,,,,
655,-130.3076109,-241.4889554,,,,,,,,,,,,,,,,,,,,
656,-125.2196736,-241.3119854,,,,,,,,,,,,,,,,,,,,
657,-3.014126768,-240.9498306,,,,,,,,,,,,,,,,,,,,
658,-118.6760023,-240.7642861,,,,,,,,,,,,,,,,,,,,
659,-1.60095622,-240.4019174,,,,,,,,,,,,,,,,,,,,
660,-117.5846458,-240.2161122,,,,,,,,,,,,,,,,,,,,
661,-130.4967533,-240.050373,,,,,,,,,,,,,,,,,,,,
662,-119.3635484,-239.8683416,,,,,,,,,,,,,,,,,,,,
663,-129.9384715,-239.7027845,,,,,,,,,,,,,,,,,,,,
664,-250.4193941,-239.7188997,,,,,,,,,,,,,,,,,,,,
665,-237.8134932,-239.7160388,,,,,,,,,,,,,,,,,,,,
666,-121.7202456,-239.5391335,,,,,,,,,,,,,,,,,,,,
667,-119.9181125,-239.3600601,,,,,,,,,,,,,,,,,,,,
668,-115.0111375,-239.1741873,,,,,,,,,,,,,,,,,,,,
669,-2.005394737,-238.820204,,,,,,,,,,,,,,,,,,,,
670,-227.4923971,-238.8033221,,,,,,,,,,,,,,,,,,,,
671,-227.7254883,-238.7868372,,,,,,,,,,,,,,,,,,,,
672,-126.9840803,-238.6207112,,,,,,,,,,,,,,,,,,,,
673,-241.8442257,-238.6254939,,,,,,,,,,,,,,,,,,,,
674,-242.9783175,-238.6319425,,,,,,,,,,,,,,,,,,,,
675,-126.1912427,-238.4656101,,,,,,,,,,,,,,,,,,,,
676,-122.3121343,-238.2940393,,,,,,,,,,,,,,,,,,,,
677,-385.5862602,-238.5112844,,,,,,,,,,,,,,,,,,,,
678,-122.3720862,-238.34024,,,,,,,,,,,,,,,,,,,,
679,-1.127404434,-237.9913976,,,,,,,,,,,,,,,,,,,,
680,-342.2583473,-238.1445062,,,,,,,,,,,,,,,,,,,,
681,-119.4546987,-237.9704742,,,,,,,,,,,,,,,,,,,,
682,-223.2776871,-237.948962,,,,,,,,,,,,,,,,,,,,
683,-1.46782981,-237.6032294,,,,,,,,,,,,,,,,,,,,
684,-2.538723103,-237.2600695,,,,,,,,,,,,,,,,,,,,
685,-126.6130183,-237.0987765,,,,,,,,,,,,,,,,,,,,
686,-117.9366221,-236.9253235,,,,,,,,,,,,,,,,,,,,
687,-232.2111358,-236.9184715,,,,,,,,,,,,,,,,,,,,
688,-122.5527481,-236.7524835,,,,,,,,,,,,,,,,,,,,
689,-239.2734676,-236.7561371,,,,,,,,,,,,,,,,,,,,
690,-126.0433773,-236.5959161,,,,,,,,,,,,,,,,,,,,
691,-0.987199034,-236.255441,,,,,,,,,,,,,,,,,,,,
692,-126.1322906,-236.0965332,,,,,,,,,,,,,,,,,,,,
693,-130.2957934,-235.9440825,,,,,,,,,,,,,,,,,,,,
694,-126.3258964,-235.7863585,,,,,,,,,,,,,,,,,,,,
695,-120.4620948,-235.6206627,,,,,,,,,,,,,,,,,,,,
696,-227.8969638,-235.6095814,,,,,,,,,,,,,,,,,,,,
697,-1.634553248,-235.2743736,,,,,,,,,,,,,,,,,,,,
698,-124.0593272,-235.1152677,,,,,,,,,,,,,,,,,,,,
699,-233.8225388,-235.1134209,,,,,,,,,,,,,,,,,,,,
700,-124.5184206,-234.9556535,,,,,,,,,,,,,,,,,,,,
701,-126.961267,-234.8018153,,,,,,,,,,,,,,,,,,,,
702,-114.6812749,-234.6309468,,,,,,,,,,,,,,,,,,,,
703,-117.3829516,-234.4644014,,,,,,,,,,,,,,,,,,,,
704,-234.1709738,-234.4639852,,,,,,,,,,,,,,,,,,,,
705,-239.0183712,-234.4704361,,,,,,,,,,,,,,,,,,,,
706,-321.9849039,-234.594219,,,,,,,,,,,,,,,,,,,,
707,-115.9455855,-234.4266362,,,,,,,,,,,,,,,,,,,,
708,-117.5250668,-234.2617538,,,,,,,,,,,,,,,,,,,,
709,-0.767925603,-233.9328893,,,,,,,,,,,,,,,,,,,,
710,-116.8084932,-233.7681574,,,,,,,,,,,,,,,,,,,,
711,-220.7165018,-233.7498264,,,,,,,,,,,,,,,,,,,,
712,-220.9796099,-233.7319158,,,,,,,,,,,,,,,,,,,,
713,-127.053321,-233.5825061,,,,,,,,,,,,,,,,,,,,
714,-247.2671934,-233.6016455,,,,,,,,,,,,,,,,,,,,
715,-125.4244476,-233.45056,,,,,,,,,,,,,,,,,,,,
716,-2.312768262,-233.1281921,,,,,,,,,,,,,,,,,,,,
717,-129.7860464,-232.9842615,,,,,,,,,,,,,,,,,,,,
718,-239.8649238,-232.9938313,,,,,,,,,,,,,,,,,,,,
719,-240.904062,-233.0048177,,,,,,,,,,,,,,,,,,,,
720,-228.7686278,-232.9989423,,,,,,,,,,,,,,,,,,,,
721,-123.5812686,-232.8473943,,,,,,,,,,,,,,,,,,,,
722,-115.6215252,-232.6852561,,,,,,,,,,,,,,,,,,,,
723,-123.1408538,-232.5339517,,,,,,,,,,,,,,,,,,,,
724,-121.9451261,-232.3814154,,,,,,,,,,,,,,,,,,,,
725,-231.7927479,-232.3806046,,,,,,,,,,,,,,,,,,,,
726,-127.4178956,-232.2362267,,,,,,,,,,,,,,,,,,,,
727,-118.1322196,-232.0794904,,,,,,,,,,,,,,,,,,,,
728,-226.8238961,-232.0722811,,,,,,,,,,,,,,,,,,,,
729,-123.1684882,-231.9230978,,,,,,,,,,,,,,,,,,,,
730,-120.8232976,-231.7711145,,,,,,,,,,,,,,,,,,,,
731,-115.6378611,-231.6124625,,,,,,,,,,,,,,,,,,,,
732,-125.038476,-231.4670683,,,,,,,,,,,,,,,,,,,,
733,-248.0405503,-231.489648,,,,,,,,,,,,,,,,,,,,
734,-220.8593616,-231.475185,,,,,,,,,,,,,,,,,,,,
735,-131.3232012,-231.3391089,,,,,,,,,,,,,,,,,,,,
736,-2.227642589,-231.0282385,,,,,,,,,,,,,,,,,,,,
737,-118.6089958,-230.8759089,,,,,,,,,,,,,,,,,,,,
738,-119.6686003,-230.7254254,,,,,,,,,,,,,,,,,,,,
739,-2.013437868,-230.4163552,,,,,,,,,,,,,,,,,,,,
740,-243.1798499,-230.4335799,,,,,,,,,,,,,,,,,,,,
741,-126.5765362,-230.2936108,,,,,,,,,,,,,,,,,,,,
742,-128.7724052,-230.1569739,,,,,,,,,,,,,,,,,,,,
743,-266.1195578,-230.2053107,,,,,,,,,,,,,,,,,,,,
744,-129.5295205,-230.0701754,,,,,,,,,,,,,,,,,,,,
745,-129.3210906,-229.9351231,,,,,,,,,,,,,,,,,,,,
746,-127.3454142,-229.7977874,,,,,,,,,,,,,,,,,,,,
747,-228.294466,-229.7957776,,,,,,,,,,,,,,,,,,,,
748,-121.1589313,-229.6507351,,,,,,,,,,,,,,,,,,,,
749,-132.8917444,-229.5217231,,,,,,,,,,,,,,,,,,,,
750,-123.3694691,-229.3803753,,,,,,,,,,,,,,,,,,,,
751,-118.384602,-229.2327745,,,,,,,,,,,,,,,,,,,,
752,-126.3535307,-229.0961487,,,,,,,,,,,,,,,,,,,,
753,-0.777680903,-228.793339,,,,,,,,,,,,,,,,,,,,
754,-118.4201316,-228.6471494,,,,,,,,,,,,,,,,,,,,
755,-114.7687137,-228.4965165,,,,,,,,,,,,,,,,,,,,
756,-244.3020765,-228.5173957,,,,,,,,,,,,,,,,,,,,
757,-243.0207946,-228.5365295,,,,,,,,,,,,,,,,,,,,
758,-1.075418771,-228.2368442,,,,,,,,,,,,,,,,,,,,
759,-132.2796482,-228.1105848,,,,,,,,,,,,,,,,,,,,
760,-220.9483845,-228.1011732,,,,,,,,,,,,,,,,,,,,
761,-340.9205784,-228.2492302,,,,,,,,,,,,,,,,,,,,
762,-2.582586746,-227.9534678,,,,,,,,,,,,,,,,,,,,
763,-121.0424182,-227.8135319,,,,,,,,,,,,,,,,,,,,
764,-239.2006356,-227.828417,,,,,,,,,,,,,,,,,,,,
765,-126.250725,-227.6958091,,,,,,,,,,,,,,,,,,,,
766,-240.8009295,-227.7128953,,,,,,,,,,,,,,,,,,,,
767,-120.4825323,-227.5732724,,,,,,,,,,,,,,,,,,,,
768,-118.254284,-227.4311151,,,,,,,,,,,,,,,,,,,,
769,-0.857092052,-227.1368631,,,,,,,,,,,,,,,,,,,,
770,-363.4937568,-227.3137203,,,,,,,,,,,,,,,,,,,,
771,-124.7378142,-227.1808499,,,,,,,,,,,,,,,,,,,,
772,-117.4750213,-227.0389278,,,,,,,,,,,,,,,,,,,,
773,-117.7508016,-226.8977287,,,,,,,,,,,,,,,,,,,,
774,-0.801419515,-226.6059915,,,,,,,,,,,,,,,,,,,,
775,-247.5097481,-226.6329293,,,,,,,,,,,,,,,,,,,,
776,-0.987870329,-226.3425238,,,,,,,,,,,,,,,,,,,,
777,-0.743631133,-226.052551,,,,,,,,,,,,,,,,,,,,
778,-122.1763403,-225.9192054,,,,,,,,,,,,,,,,,,,,
779,-130.2933555,-225.7966081,,,,,,,,,,,,,,,,,,,,
780,-120.3592502,-225.6616051,,,,,,,,,,,,,,,,,,,,
781,-120.3319341,-225.5269124,,,,,,,,,,,,,,,,,,,,
782,-1.219408507,-225.2404405,,,,,,,,,,,,,,,,,,,,
783,-241.603575,-225.2613119,,,,,,,,,,,,,,,,,,,,
784,-1.038268785,-224.9756774,,,,,,,,,,,,,,,,,,,,
785,-243.1745479,-224.9988312,,,,,,,,,,,,,,,,,,,,
786,-0.759094669,-224.7139014,,,,,,,,,,,,,,,,,,,,
787,-1.236625166,-224.4303008,,,,,,,,,,,,,,,,,,,,
788,-122.357497,-224.300931,,,,,,,,,,,,,,,,,,,,
789,-119.7786478,-224.1686243,,,,,,,,,,,,,,,,,,,,
790,-374.924699,-224.3592135,,,,,,,,,,,,,,,,,,,,
791,-330.0312339,-224.4926378,,,,,,,,,,,,,,,,,,,,
792,-120.3585807,-224.3613212,,,,,,,,,,,,,,,,,,,,
793,-223.7086343,-224.3604992,,,,,,,,,,,,,,,,,,,,
794,-117.3798,-224.2259323,,,,,,,,,,,,,,,,,,,,
795,-130.34717,-224.1079941,,,,,,,,,,,,,,,,,,,,
796,-117.2628437,-223.9739349,,,,,,,,,,,,,,,,,,,,
797,-121.7502202,-223.8458351,,,,,,,,,,,,,,,,,,,,
798,-121.905463,-223.7182501,,,,,,,,,,,,,,,,,,,,
799,-228.5414593,-223.7242791,,,,,,,,,,,,,,,,,,,,
800,-236.7605495,-223.7405541,,,,,,,,,,,,,,,,,,,,
801,-127.4693189,-223.6205152,,,,,,,,,,,,,,,,,,,,
802,-116.7996582,-223.4874879,,,,,,,,,,,,,,,,,,,,
803,-234.8431451,-223.5016119,,,,,,,,,,,,,,,,,,,,
804,-242.674694,-223.5254294,,,,,,,,,,,,,,,,,,,,
805,-221.9290454,-223.5234488,,,,,,,,,,,,,,,,,,,,
806,-0.933396072,-223.2476247,,,,,,,,,,,,,,,,,,,,
807,-244.1247488,-223.2734627,,,,,,,,,,,,,,,,,,,,
808,-1.561169317,-222.9994055,,,,,,,,,,,,,,,,,,,,
809,-118.9846863,-222.8709922,,,,,,,,,,,,,,,,,,,,
810,-122.4364338,-222.7471518,,,,,,,,,,,,,,,,,,,,
811,-247.363747,-222.7774678,,,,,,,,,,,,,,,,,,,,
812,-118.5598134,-222.6492788,,,,,,,,,,,,,,,,,,,,
813,-1.608054733,-222.3777294,,,,,,,,,,,,,,,,,,,,
814,-119.3706875,-222.2513404,,,,,,,,,,,,,,,,,,,,
815,-120.8214379,-222.1270391,,,,,,,,,,,,,,,,,,,,
816,-120.996287,-222.003256,,,,,,,,,,,,,,,,,,,,
817,-118.5285454,-221.8767588,,,,,,,,,,,,,,,,,,,,
818,-1.000182637,-221.6070683,,,,,,,,,,,,,,,,,,,,
819,-330.6710543,-221.7400731,,,,,,,,,,,,,,,,,,,,
820,-301.4507433,-221.8371628,,,,,,,,,,,,,,,,,,,,
821,-127.2486724,-221.7220917,,,,,,,,,,,,,,,,,,,,
822,-232.3884248,-221.735052,,,,,,,,,,,,,,,,,,,,
823,-0.799489372,-221.4669263,,,,,,,,,,,,,,,,,,,,
824,-0.772044103,-221.1994174,,,,,,,,,,,,,,,,,,,,
825,-4.008727219,-220.9364746,,,,,,,,,,,,,,,,,,,,
826,-232.7329153,-220.9507388,,,,,,,,,,,,,,,,,,,,
827,-123.7245483,-220.8333158,,,,,,,,,,,,,,,,,,,,
828,-128.123484,-220.7214825,,,,,,,,,,,,,,,,,,,,
829,-119.3709547,-220.5993734,,,,,,,,,,,,,,,,,,,,
830,-252.4774655,-220.6377346,,,,,,,,,,,,,,,,,,,,
831,-129.5606717,-220.5282669,,,,,,,,,,,,,,,,,,,,
832,-127.6251129,-220.4167385,,,,,,,,,,,,,,,,,,,,
833,-232.324621,-220.4310166,,,,,,,,,,,,,,,,,,,,
834,-117.7850836,-220.3080873,,,,,,,,,,,,,,,,,,,,
835,-237.843623,-220.3290628,,,,,,,,,,,,,,,,,,,,
836,-234.9147544,-220.346489,,,,,,,,,,,,,,,,,,,,
837,-120.9919326,-220.2279275,,,,,,,,,,,,,,,,,,,,
838,-120.0459984,-220.1085211,,,,,,,,,,,,,,,,,,,,
839,-365.5855865,-220.2817081,,,,,,,,,,,,,,,,,,,,
840,-0.906446326,-220.0208576,,,,,,,,,,,,,,,,,,,,
841,-117.2051785,-219.8987487,,,,,,,,,,,,,,,,,,,,
842,-126.5552284,-219.7880209,,,,,,,,,,,,,,,,,,,,
843,-126.3042774,-219.6772582,,,,,,,,,,,,,,,,,,,,
844,-238.1618172,-219.6991334,,,,,,,,,,,,,,,,,,,,
845,-121.1468239,-219.5826413,,,,,,,,,,,,,,,,,,,,
846,-239.7170445,-219.6064128,,,,,,,,,,,,,,,,,,,,
847,-127.6489792,-219.4979724,,,,,,,,,,,,,,,,,,,,
848,-118.4800267,-219.3789878,,,,,,,,,,,,,,,,,,,,
849,-126.2624187,-219.2694389,,,,,,,,,,,,,,,,,,,,
850,-122.4069258,-219.1556169,,,,,,,,,,,,,,,,,,,,
851,-126.99392,-219.0474459,,,,,,,,,,,,,,,,,,,,
852,-119.0311728,-218.9301935,,,,,,,,,,,,,,,,,,,,
853,-236.4479552,-218.9507061,,,,,,,,,,,,,,,,,,,,
854,-1.736325705,-218.6966542,,,,,,,,,,,,,,,,,,,,
855,-129.0061016,-218.5918755,,,,,,,,,,,,,,,,,,,,
856,-2.122193711,-218.3392855,,,,,,,,,,,,,,,,,,,,
857,-244.3135317,-218.3695585,,,,,,,,,,,,,,,,,,,,
858,-234.9601656,-218.3888723,,,,,,,,,,,,,,,,,,,,
859,-127.7226083,-218.2834464,,,,,,,,,,,,,,,,,,,,
860,-244.7439762,-218.3141788,,,,,,,,,,,,,,,,,,,,
861,-119.7334395,-218.199816,,,,,,,,,,,,,,,,,,,,
862,-241.2481926,-218.2265232,,,,,,,,,,,,,,,,,,,,
863,-116.040591,-218.1082525,,,,,,,,,,,,,,,,,,,,
864,-124.0774036,-217.9995463,,,,,,,,,,,,,,,,,,,,
865,-1.042446722,-217.7490185,,,,,,,,,,,,,,,,,,,,
866,-126.6183017,-217.6439081,,,,,,,,,,,,,,,,,,,,
867,-126.8814755,-217.5393431,,,,,,,,,,,,,,,,,,,,
868,-230.3183683,-217.5540485,,,,,,,,,,,,,,,,,,,,
869,-121.1648606,-217.4432563,,,,,,,,,,,,,,,,,,,,
870,-245.9897431,-217.4760307,,,,,,,,,,,,,,,,,,,,
871,-117.3990326,-217.3612635,,,,,,,,,,,,,,,,,,,,
872,-127.679496,-217.2585353,,,,,,,,,,,,,,,,,,,,
873,-1.012377619,-217.011114,,,,,,,,,,,,,,,,,,,,
874,-114.4043811,-216.8938492,,,,,,,,,,,,,,,,,,,,
875,-122.4044849,-216.7859846,,,,,,,,,,,,,,,,,,,,
876,-234.4182143,-216.8060898,,,,,,,,,,,,,,,,,,,,
877,-119.0098568,-216.6947045,,,,,,,,,,,,,,,,,,,,
878,-125.3519182,-216.5907878,,,,,,,,,,,,,,,,,,,,
879,-118.3492638,-216.4791497,,,,,,,,,,,,,,,,,,,,
880,-124.8872314,-216.3751862,,,,,,,,,,,,,,,,,,,,
881,-225.0548938,-216.3850271,,,,,,,,,,,,,,,,,,,,
882,-334.0189603,-216.5182479,,,,,,,,,,,,,,,,,,,,
883,-119.4775398,-216.4084733,,,,,,,,,,,,,,,,,,,,
884,-115.2379192,-216.2941563,,,,,,,,,,,,,,,,,,,,
885,-1.042939709,-216.0512091,,,,,,,,,,,,,,,,,,,,
886,-329.2968995,-216.1788818,,,,,,,,,,,,,,,,,,,,
887,-234.0360493,-216.1989912,,,,,,,,,,,,,,,,,,,,
888,-121.7162376,-216.0927114,,,,,,,,,,,,,,,,,,,,
889,-238.1807454,-216.1175294,,,,,,,,,,,,,,,,,,,,
890,-121.6799233,-216.0115388,,,,,,,,,,,,,,,,,,,,
891,-127.4104819,-215.9122103,,,,,,,,,,,,,,,,,,,,
892,-127.6658832,-215.8133902,,,,,,,,,,,,,,,,,,,,
893,-123.3290515,-215.7099402,,,,,,,,,,,,,,,,,,,,
894,-117.0893015,-215.5997495,,,,,,,,,,,,,,,,,,,,
895,-126.058539,-215.4998151,,,,,,,,,,,,,,,,,,,,
896,-125.4923284,-215.3994723,,,,,,,,,,,,,,,,,,,,
897,-124.0096247,-215.2977019,,,,,,,,,,,,,,,,,,,,
898,-117.0818743,-215.1884518,,,,,,,,,,,,,,,,,,,,
899,-3.24594075,-214.9529602,,,,,,,,,,,,,,,,,,,,
900,-221.2288797,-214.9599257,,,,,,,,,,,,,,,,,,,,
901,-243.1337697,-214.9911605,,,,,,,,,,,,,,,,,,,,
902,-117.4099048,-214.8830971,,,,,,,,,,,,,,,,,,,,
903,-118.2396125,-214.7761906,,,,,,,,,,,,,,,,,,,,
904,-126.7494093,-214.6789234,,,,,,,,,,,,,,,,,,,,
905,-120.6925679,-214.5751857,,,,,,,,,,,,,,,,,,,,
906,-130.5789436,-214.4825769,,,,,,,,,,,,,,,,,,,,
907,-119.1785372,-214.3776165,,,,,,,,,,,,,,,,,,,,
908,-255.1842158,-214.4225082,,,,,,,,,,,,,,,,,,,,
909,-128.7586529,-214.3283721,,,,,,,,,,,,,,,,,,,,
910,-126.8986854,-214.232401,,,,,,,,,,,,,,,,,,,,
911,-125.2973981,-214.1348846,,,,,,,,,,,,,,,,,,,,
912,-123.6661753,-214.0357951,,,,,,,,,,,,,,,,,,,,
913,-120.0348578,-213.9329494,,,,,,,,,,,,,,,,,,,,
914,-120.1496223,-213.830454,,,,,,,,,,,,,,,,,,,,
915,-122.6164679,-213.7308754,,,,,,,,,,,,,,,,,,,,
916,-234.9262789,-213.7539892,,,,,,,,,,,,,,,,,,,,
917,-124.8483296,-213.6571421,,,,,,,,,,,,,,,,,,,,
918,-117.1946637,-213.5521775,,,,,,,,,,,,,,,,,,,,
919,-114.4113027,-213.4444157,,,,,,,,,,,,,,,,,,,,
920,-238.5419173,-213.4716659,,,,,,,,,,,,,,,,,,,,
921,-118.516657,-213.3686779,,,,,,,,,,,,,,,,,,,,
922,-122.2097891,-213.2699142,,,,,,,,,,,,,,,,,,,,
923,-240.8498904,-213.2997626,,,,,,,,,,,,,,,,,,,,
924,-1.144220838,-213.0704053,,,,,,,,,,,,,,,,,,,,
925,-121.0631681,-212.9710454,,,,,,,,,,,,,,,,,,,,
926,-119.5079019,-212.8702222,,,,,,,,,,,,,,,,,,,,
927,-115.2099121,-212.7649848,,,,,,,,,,,,,,,,,,,,
928,-238.872837,-212.7930879,,,,,,,,,,,,,,,,,,,,
929,-118.9256927,-212.6921553,,,,,,,,,,,,,,,,,,,,
930,-119.8434996,-212.5924252,,,,,,,,,,,,,,,,,,,,
931,-118.7196016,-212.4917033,,,,,,,,,,,,,,,,,,,,
932,-119.0418415,-212.3915427,,,,,,,,,,,,,,,,,,,,
933,-120.1979129,-212.2928343,,,,,,,,,,,,,,,,,,,,
934,-120.9744061,-212.1951675,,,,,,,,,,,,,,,,,,,,
935,-345.1000519,-212.3371599,,,,,,,,,,,,,,,,,,,,
936,-120.1047101,-212.2387262,,,,,,,,,,,,,,,,,,,,
937,-114.4488761,-212.1344726,,,,,,,,,,,,,,,,,,,,
938,-230.4390524,-212.1539663,,,,,,,,,,,,,,,,,,,,
939,-126.5852141,-212.0629357,,,,,,,,,,,,,,,,,,,,
940,-337.4226366,-212.1961554,,,,,,,,,,,,,,,,,,,,
941,-229.3964531,-212.2144147,,,,,,,,,,,,,,,,,,,,
942,-115.8579539,-212.1122339,,,,,,,,,,,,,,,,,,,,
943,-1.538393631,-211.8891684,,,,,,,,,,,,,,,,,,,,
944,-126.0619092,-211.7983459,,,,,,,,,,,,,,,,,,,,
945,-124.2289397,-211.7057779,,,,,,,,,,,,,,,,,,,,
946,-116.3062654,-211.6050392,,,,,,,,,,,,,,,,,,,,
947,-117.8338142,-211.5061244,,,,,,,,,,,,,,,,,,,,
948,-125.0948579,-211.4150693,,,,,,,,,,,,,,,,,,,,
949,-126.7077951,-211.3259038,,,,,,,,,,,,,,,,,,,,
950,-229.8886806,-211.345423,,,,,,,,,,,,,,,,,,,,
951,-245.4959908,-211.3812954,,,,,,,,,,,,,,,,,,,,
952,-121.7698622,-211.2872645,,,,,,,,,,,,,,,,,,,,
953,-118.0757234,-211.1895585,,,,,,,,,,,,,,,,,,,,
954,-238.4078281,-211.2180593,,,,,,,,,,,,,,,,,,,,
955,-125.7961299,-211.1287059,,,,,,,,,,,,,,,,,,,,
956,-126.8144453,-211.0406032,,,,,,,,,,,,,,,,,,,,
957,-123.5701977,-210.949298,,,,,,,,,,,,,,,,,,,,
958,-123.9274813,-210.8585557,,,,,,,,,,,,,,,,,,,,
959,-238.2287925,-210.8870664,,,,,,,,,,,,,,,,,,,,
960,-121.3511053,-210.7938968,,,,,,,,,,,,,,,,,,,,
961,-1.47651598,-210.5763112,,,,,,,,,,,,,,,,,,,,
962,-2.37635647,-210.3601118,,,,,,,,,,,,,,,,,,,,
963,-118.0325334,-210.2643363,,,,,,,,,,,,,,,,,,,,
964,-267.8707481,-210.3240321,,,,,,,,,,,,,,,,,,,,
965,-1.042927236,-210.107385,,,,,,,,,,,,,,,,,,,,
966,-337.8923298,-210.2395307,,,,,,,,,,,-119.7838369,-119.8328196,-122.3813019,-1.874665531,-125.1772378,-228.7614703,-126.9679024,-125.9126767,-118.5861424,-123.3660351
967,-115.0213572,-210.1411649,,,,,,,,,,,-208.9835104,-208.8936408,-208.8065186,-208.5983376,-208.5144973,-208.5348256,-208.4530133,-208.3703075,-208.2804335,-208.1955191
968,-231.0806603,-210.1627742,,,,,,,,,,,,,,,,,,,,
969,-128.720948,-210.0788136,,,,,,,,,,,,,,,,,,,,
970,-1.775378125,-209.864289,,,,,,,,,,,,,,,,,,,,
971,-231.7849056,-209.886841,,,,,,,,,,,,,,,,,,,,
972,-123.763916,-209.7983283,,,,,,,,,,,,,,,,,,,,
973,-115.9239272,-209.701948,,,,,,,,,,,,,,,,,,,,
974,-119.8722946,-209.609815,,,,,,,,,,,,,,,,,,,,
975,-0.878746787,-209.3959512,,,,,,,,,,,,,,,,,,,,
976,-244.4833461,-209.4318646,,,,,,,,,,,,,,,,,,,,
977,-127.4703217,-209.3480593,,,,,,,,,,,,,,,,,,,,
978,-118.6122665,-209.2553772,,,,,,,,,,,,,,,,,,,,
979,-357.2521485,-209.4063943,,,,,,,,,,,,,,,,,,,,
980,-244.0885062,-209.4417482,,,,,,,,,,,,,,,,,,,,
981,-126.3022346,-209.3570847,,,,,,,,,,,,,,,,,,,,
982,-113.5622552,-209.2596332,,,,,,,,,,,,,,,,,,,,
983,-119.8040393,-209.1687231,,,,,,,,,,,,,,,,,,,,
984,-231.1129223,-209.1910014,,,,,,,,,,,,,,,,,,,,
985,-124.5942418,-209.1052035,,,,,,,,,,,,,,,,,,,,
986,-336.4783487,-209.2342543,,,,,,,,,,,,,,,,,,,,
987,-117.964457,-209.141876,,,,,,,,,,,,,,,,,,,,
988,-122.3168837,-209.0540853,,,,,,,,,,,,,,,,,,,,
989,-228.3846588,-209.0736111,,,,,,,,,,,,,,,,,,,,
990,-119.7838369,-208.9835104,,,,,,,,,,,,,,,,,,,,
991,-119.8328196,-208.8936408,,,,,,,,,,,,,,,,,,,,
992,-122.3813019,-208.8065186,,,,,,,,,,,,,,,,,,,,
993,-1.874665531,-208.5983376,,,,,,,,,,,,,,,,,,,,
994,-125.1772378,-208.5144973,,,,,,,,,,,,,,,,,,,,
995,-228.7614703,-208.5348256,,,,,,,,,,,,,,,,,,,,
996,-126.9679024,-208.4530133,,,,,,,,,,,,,,,,,,,,
997,-125.9126767,-208.3703075,,,,,,,,,,,,,,,,,,,,
998,-118.5861424,-208.2804335,,,,,,,,,,,,,,,,,,,,
999,-123.3660351,-208.1955191,,,,,,,,,,,,,,,,,,,,
