0,1,,,,,,,,,,,,,,,,,,,,
-941.1058413,-941.1058413,,,,,,,,,,,,,,,,,,,,
-739.2689063,-840.1873738,,,,,,,,,,,,,,,,,,,,
-654.5773762,-778.3173746,,,,,,,,,,,,,,,,,,,,
-776.9622073,-777.9785828,,,,,,,,,,,,,,,,,,,,
-740.9689413,-770.5766545,,,,,,,,,,,,,,,,,,,,
-925.7226983,-796.4343285,,,,,,,,,,,,,,,,,,,,
-715.8807768,-784.9266782,,,,,,,,,,,,,,,,,,,,
-1250.734271,-843.1526273,,,,,,,,,,,,,,,,,,,,
-790.9045149,-837.3472815,,,,,,,,,,,,,,,,,,,,
-885.7328404,-842.1858373,,,,,,,,,,,,,,,,,,,,
-803.639368,-838.6816129,,,,,,,,,,,,,,,,,,,,
-680.2455924,-825.4786112,,,,,,,,,,,,,,,,,,,,
-897.0025119,-830.9804497,,,,,,,,,,,,,,,,,,,,
-1176.91556,-855.6901004,,,,,,,,,,,,,,,,,,,,
-800.550649,-852.014137,,,,,,,,,,,,,,,,,,,,
-713.6899498,-843.3688753,,,,,,,,,,,,,,,,,,,,
-838.2240857,-843.0662406,,,,,,,,,,,,,,,,,,,,
-1171.985422,-861.3395285,,,,,,,,,,,,,,,,,,,,
-882.3952976,-862.4477269,,,,,,,,,,,,,,,,,,,,
-889.3526347,-863.7929722,,,,,,,,,,,,,,,,,,,,
-793.6448889,-860.4525873,,,,,,,,,,,,,,,,,,,,
-768.7831238,-856.2857935,,,,,,,,,,,,,,,,,,,,
-914.0881098,-858.7989377,,,,,,,,,,,,,,,,,,,,
-910.3387035,-860.946428,,,,,,,,,,,,,,,,,,,,
-1019.823018,-867.3014916,,,,,,,,,,,,,,,,,,,,
-812.7637555,-865.2038863,,,,,,,,,,,,,,,,,,,,
-1184.53542,-877.0309802,,,,,,,,,,,,,,,,,,,,
-1071.728378,-883.9844587,,,,,,,,,,,,,,,,,,,,
-793.6817939,-880.8705737,,,,,,,,,,,,,,,,,,,,
-877.3418138,-880.7529484,,,,,,,,,,,,,,,,,,,,
-870.8362182,-880.4330538,,,,,,,,,,,,,,,,,,,,
-1175.8635,-889.6652553,,,,,,,,,,,,,,,,,,,,
-1143.188088,-897.3477653,,,,,,,,,,,,,,,,,,,,
-1186.577714,-905.8545286,,,,,,,,,,,,,,,,,,,,
-1171.406965,-913.441741,,,,,,,,,,,,,,,,,,,,
-878.8418588,-912.4806332,,,,,,,,,,,,,,,,,,,,
-824.2701266,-910.0965654,,,,,,,,,,,,,,,,,,,,
-839.2770134,-908.232893,,,,,,,,,,,,,,,,,,,,
-772.1331396,-904.7431557,,,,,,,,,,,,,,,,,,,,
-829.7601544,-902.8685807,,,,,,,,,,,,,,,,,,,,
-1022.034571,-905.7750683,,,,,,,,,,,,,,,,,,,,
-1007.200394,-908.189957,,,,,,,,,,,,,,,,,,,,
-716.7740089,-903.7384233,,,,,,,,,,,,,,,,,,,,
-1163.768817,-909.648205,,,,,,,,,,,,,,,,,,,,
-792.6761259,-907.0488255,,,,,,,,,,,,,,,,,,,,
-1097.373103,-911.1863097,,,,,,,,,,,,,,,,,,,,
-1151.338504,-916.2959309,,,,,,,,,,,,,,,,,,,,
-1162.993395,-921.4354614,,,,,,,,,,,,,,,,,,,,
-729.0331725,-917.5088841,,,,,,,,,,,,,,,,,,,,
-1102.816989,-921.2150462,,,,,,,,,,,,,,,,,,,,
-862.348359,-920.0607974,,,,,,,,,,,,,,,,,,,,
-986.4519199,-921.3375498,,,,,,,,,,,,,,,,,,,,
-1183.019743,-926.2749496,,,,,,,,,,,,,,,,,,,,
-1160.870321,-930.6193084,,,,,,,,,,,,,,,,,,,,
-756.3557287,-927.4508796,,,,,,,,,,,,,,,,,,,,
-913.6506599,-927.2044471,,,,,,,,,,,,,,,,,,,,
-711.6414726,-923.4226406,,,,,,,,,,,,,,,,,,,,
-833.5447234,-921.8730213,,,,,,,,,,,,,,,,,,,,
-1047.043778,-923.9945595,,,,,,,,,,,,,,,,,,,,
-926.843122,-924.0420356,,,,,,,,,,,,,,,,,,,,
-1104.38858,-926.9985363,,,,,,,,,,,,,,,,,,,,
-705.2547852,-923.4220242,,,,,,,,,,,,,,,,,,,,
-826.9366227,-921.8905099,,,,,,,,,,,,,,,,,,,,
-713.943278,-918.6413344,,,,,,,,,,,,,,,,,,,,
-894.795658,-918.2744778,,,,,,,,,,,,,,,,,,,,
-1016.876523,-919.7684482,,,,,,,,,,,,,,,,,,,,
-825.4572012,-918.3608177,,,,,,,,,,,,,,,,,,,,
-803.3418492,-916.6693623,,,,,,,,,,,,,,,,,,,,
-814.9840746,-915.1956624,,,,,,,,,,,,,,,,,,,,
-748.919032,-912.820282,,,,,,,,,,,,,,,,,,,,
-774.605127,-910.8735897,,,,,,,,,,,,,,,,,,,,
-1149.538973,-914.1883867,,,,,,,,,,,,,,,,,,,,
-856.5352589,-913.3986178,,,,,,,,,,,,,,,,,,,,
-841.0844847,-912.4213998,,,,,,,,,,,,,,,,,,,,
-908.4277447,-912.368151,,,,,,,,,,,,,,,,,,,,
-681.9805033,-909.3367346,,,,,,,,,,,,,,,,,,,,
-778.961246,-907.6435465,,,,,,,,,,,,,,,,,,,,
-1074.44568,-909.7820353,,,,,,,,,,,,,,,,,,,,
-987.6922737,-910.7682409,,,,,,,,,,,,,,,,,,,,
-1019.406673,-912.1262213,,,,,,,,,,,,,,,,,,,,
-1023.060999,-913.4957865,,,,,,,,,,,,,,,,,,,,
-857.6628565,-912.8148971,,,,,,,,,,,,,,,,,,,,
-955.928012,-913.3343322,,,,,,,,,,,,,,,,,,,,
-963.7977251,-913.9350869,,,,,,,,,,,,,,,,,,,,
-892.2568356,-913.6800486,,,,,,,,,,,,,,,,,,,,
-802.293609,-912.3848574,,,,,,,,,,,,,,,,,,,,
-970.5386927,-913.0532923,,,,,,,,,,,,,,,,,,,,
-730.5032053,-910.9788595,,,,,,,,,,,,,,,,,,,,
-569.6120477,-907.1432774,,,,,,,,,,,,,,,,,,,,
-960.1155939,-907.7318587,,,,,,,,,,,,,,,,,,,,
-538.5019997,-903.6743877,,,,,,,,,,,,,,,,,,,,
-675.7800796,-901.1972756,,,,,,,,,,,,,,,,,,,,
-535.2307303,-897.2621515,,,,,,,,,,,,,,,,,,,,
-363.4435988,-891.5832307,,,,,,,,,,,,,,,,,,,,
-400.2195048,-886.410981,,,,,,,,,,,,,,,,,,,,
-389.4195678,-881.2339871,,,,,,,,,,,,,,,,,,,,
-685.1004335,-879.2119917,,,,,,,,,,,,,,,,,,,,
-499.0194308,-875.3324758,,,,,,,,,,,,,,,,,,,,
-125.6131746,-867.7595535,,,,,,,,,,,,,,,,,,,,
-258.1103829,-861.6630618,,,,,,,,,,,,,,,,,,,,
-265.8779888,-855.7641997,,,,,,,,,,,,,,,,,,,,
-384.9213182,-851.148093,,,,,,,,,,,,,,,,,,,,
-128.1800618,-844.1289859,,,,,,,,,,,,,,,,,,,,
-114.291662,-837.1113194,,,,,,,,,,,,,,,,,,,,
-128.9975932,-830.3673791,,,,,,,,,,,,,,,,,,,,
-125.5044302,-823.7177287,,,,,,,,,,,,,,,,,,,,
-357.4805646,-819.360372,,,,,,,,,,,,,,,,,,,,
-0.921841199,-811.7822374,,,,,,,,,,,,,,,,,,,,
-129.3652986,-805.5215316,,,,,,,,,,,,,,,,,,,,
-1.559478758,-798.2127856,,,,,,,,,,,,,,,,,,,,
-127.6819816,-792.1719676,,,,,,,,,,,,,,,,,,,,
-117.9832343,-786.1524253,,,,,,,,,,,,,,,,,,,,
-120.1871336,-780.2589272,,,,,,,,,,,,,,,,,,,,
-127.2552848,-774.530825,,,,,,,,,,,,,,,,,,,,
-329.2616095,-770.6589188,,,,,,,,,,,,,,,,,,,,
-245.7545016,-766.1338807,,,,,,,,,,,,,,,,,,,,
-120.8548407,-760.6186753,,,,,,,,,,,,,,,,,,,,
-126.364038,-755.243636,,,,,,,,,,,,,,,,,,,,
-247.8135862,-750.9795179,,,,,,,,,,,,,,,,,,,,
-119.1093154,-745.7139329,,,,,,,,,,,,,,,,,,,,
-238.9053872,-741.5254325,,,,,,,,,,,,,,,,,,,,
-123.4082795,-736.4588985,,,,,,,,,,,,,,,,,,,,
-114.2459251,-731.4002564,,,,,,,,,,,,,,,,,,,,
-0.145478738,-725.5030405,,,,,,,,,,,,,,,,,,,,
-0.740166519,-719.7049375,,,,,,,,,,,,,,,,,,,,
-238.9355537,-715.8893074,,,,,,,,,,,,,,,,,,,,
-0.813814056,-710.2587917,,,,,,,,,,,,,,,,,,,,
-239.4064579,-706.5802579,,,,,,,,,,,,,,,,,,,,
-126.9639008,-702.0871078,,,,,,,,,,,,,,,,,,,,
-126.3191932,-697.6581239,,,,,,,,,,,,,,,,,,,,
-0.538785318,-692.3366022,,,,,,,,,,,,,,,,,,,,
-120.8697205,-688.0073076,,,,,,,,,,,,,,,,,,,,
-127.4351279,-683.7924792,,,,,,,,,,,,,,,,,,,,
-124.1901446,-679.6163424,,,,,,,,,,,,,,,,,,,,
-116.2594927,-675.4433287,,,,,,,,,,,,,,,,,,,,
-119.8600863,-671.3581578,,,,,,,,,,,,,,,,,,,,
-116.9486322,-667.3113729,,,,,,,,,,,,,,,,,,,,
-122.0319218,-663.3600726,,,,,,,,,,,,,,,,,,,,
-238.4480448,-660.3031515,,,,,,,,,,,,,,,,,,,,
-126.1531984,-656.4877947,,,,,,,,,,,,,,,,,,,,
-2.532318741,-651.8498126,,,,,,,,,,,,,,,,,,,,
-325.1650685,-649.5492158,,,,,,,,,,,,,,,,,,,,
-0.851848985,-645.0128706,,,,,,,,,,,,,,,,,,,,
-115.0642244,-641.3326717,,,,,,,,,,,,,,,,,,,,
-223.8081374,-638.4531921,,,,,,,,,,,,,,,,,,,,
-121.5536356,-634.9127842,,,,,,,,,,,,,,,,,,,,
-238.8743468,-632.2186452,,,,,,,,,,,,,,,,,,,,
-323.471463,-630.1325155,,,,,,,,,,,,,,,,,,,,
-119.2729254,-626.7039277,,,,,,,,,,,,,,,,,,,,
-224.5377892,-624.0228201,,,,,,,,,,,,,,,,,,,,
-125.6978226,-620.7226546,,,,,,,,,,,,,,,,,,,,
-234.8885262,-618.1842721,,,,,,,,,,,,,,,,,,,,
-1.503690154,-614.1536801,,,,,,,,,,,,,,,,,,,,
-119.4743312,-610.9414765,,,,,,,,,,,,,,,,,,,,
-1.113397214,-607.0071018,,,,,,,,,,,,,,,,,,,,
-119.8163897,-603.8840844,,,,,,,,,,,,,,,,,,,,
-0.109192382,-600.0383845,,,,,,,,,,,,,,,,,,,,
-122.3047019,-597.0147536,,,,,,,,,,,,,,,,,,,,
-229.8257837,-594.705389,,,,,,,,,,,,,,,,,,,,
-121.7041746,-591.7491314,,,,,,,,,,,,,,,,,,,,
-0.266488023,-588.0753262,,,,,,,,,,,,,,,,,,,,
-118.1940918,-585.1748247,,,,,,,,,,,,,,,,,,,,
-335.9543222,-583.6458646,,,,,,,,,,,,,,,,,,,,
-113.640287,-580.7799769,,,,,,,,,,,,,,,,,,,,
-330.8461575,-579.2652265,,,,,,,,,,,,,,,,,,,,
-124.9171577,-576.5281899,,,,,,,,,,,,,,,,,,,,
-119.1802722,-573.7895796,,,,,,,,,,,,,,,,,,,,
-345.036649,-572.4279551,,,,,,,,,,,,,,,,,,,,
-113.3275762,-569.7113848,,,,,,,,,,,,,,,,,,,,
-225.6877389,-567.6877163,,,,,,,,,,,,,,,,,,,,
-281.1601512,-566.0121165,,,,,,,,,,,,,,,,,,,,
-237.4291018,-564.1017501,,,,,,,,,,,,,,,,,,,,
-2.346192066,-560.8546082,,,,,,,,,,,,,,,,,,,,
-123.8180618,-558.3429039,,,,,,,,,,,,,,,,,,,,
-117.400259,-555.8232316,,,,,,,,,,,,,,,,,,,,
-125.133509,-553.3761309,,,,,,,,,,,,,,,,,,,,
-126.3138107,-550.9633494,,,,,,,,,,,,,,,,,,,,
-1.799437317,-547.8781589,,,,,,,,,,,,,,,,,,,,
-223.4247245,-546.0655699,,,,,,,,,,,,,,,,,,,,
-344.2816972,-544.9445484,,,,,,,,,,,,,,,,,,,,
-224.4064314,-543.1736196,,,,,,,,,,,,,,,,,,,,
-128.5420577,-540.8954242,,,,,,,,,,,,,,,,,,,,
-1.109772805,-537.9457758,,,,,,,,,,,,,,,,,,,,
-125.7852707,-535.7057731,,,,,,,,,,,,,,,,,,,,
-120.9068719,-533.4636168,,,,,,,,,,,,,,,,,,,,
-121.7007514,-531.249838,,,,,,,,,,,,,,,,,,,,
-120.0349585,-529.0508279,,,,,,,,,,,,,,,,,,,,
-363.8030534,-528.1718504,,,,,,,,,,,,,,,,,,,,
-2.791546169,-525.3920604,,,,,,,,,,,,,,,,,,,,
-232.349838,-523.849733,,,,,,,,,,,,,,,,,,,,
-252.9360279,-522.4313366,,,,,,,,,,,,,,,,,,,,
-242.7779471,-520.9748085,,,,,,,,,,,,,,,,,,,,
-121.6822225,-518.905935,,,,,,,,,,,,,,,,,,,,
-127.2611969,-516.8871477,,,,,,,,,,,,,,,,,,,,
-116.6586824,-514.834694,,,,,,,,,,,,,,,,,,,,
-1.25491304,-512.214389,,,,,,,,,,,,,,,,,,,,
-366.9987719,-511.4772539,,,,,,,,,,,,,,,,,,,,
-117.3878785,-509.4869035,,,,,,,,,,,,,,,,,,,,
-234.6475474,-508.1058013,,,,,,,,,,,,,,,,,,,,
-245.0227557,-506.790386,,,,,,,,,,,,,,,,,,,,
-240.6261941,-505.4661861,,,,,,,,,,,,,,,,,,,,
-117.7024865,-503.5465638,,,,,,,,,,,,,,,,,,,,
-121.4910794,-501.6645171,,,,,,,,,,,,,,,,,,,,
-252.4762424,-500.4430059,,,,,,,,,,,,,,,,,,,,
-124.6932266,-498.6100802,,,,,,,,,,,,,,,,,,,,
-121.2862698,-496.7784112,,,,,,,,,,,,,,,,,,,,
-121.1532007,-494.9637966,,,,,,,,,,,,,,,,,,,,
-123.5671358,-493.1782358,,,,,,,,,,,,,,,,,,,,
-127.5697653,-491.4289129,,,,,,,,,,,,,,,,,,,,
-128.1985379,-489.6992445,,,,,,,,,,,,,,,,,,,,
-132.1198299,-488.0045553,,,,,,,,,,,,,,,,,,,,
-350.2456364,-487.3547491,,,,,,,,,,,,,,,,,,,,
-235.3261082,-486.171516,,,,,,,,,,,,,,,,,,,,
-0.145051448,-483.9003643,,,,,,,,,,,,,,,,,,,,
-125.2807675,-482.2323662,,,,,,,,,,,,,,,,,,,,
-240.4513735,-481.1130098,,,,,,,,,,,,,,,,,,,,
-345.4110089,-480.4876549,,,,,,,,,,,,,,,,,,,,
-114.8078327,-478.8102246,,,,,,,,,,,,,,,,,,,,
-249.6981701,-477.7640508,,,,,,,,,,,,,,,,,,,,
-130.1137544,-476.1838222,,,,,,,,,,,,,,,,,,,,
-119.8590198,-474.5714927,,,,,,,,,,,,,,,,,,,,
-118.5880941,-472.9679639,,,,,,,,,,,,,,,,,,,,
-236.8729417,-471.9092418,,,,,,,,,,,,,,,,,,,,
-247.7064751,-470.9083366,,,,,,,,,,,,,,,,,,,,
-120.8225067,-469.3523996,,,,,,,,,,,,,,,,,,,,
-0.803515221,-467.2791745,,,,,,,,,,,,,,,,,,,,
-113.0304631,-465.7186075,,,,,,,,,,,,,,,,,,,,
-241.4985228,-464.735186,,,,,,,,,,,,,,,,,,,,
-118.6339619,-463.223827,,,,,,,,,,,,,,,,,,,,
-242.3248446,-462.2633966,,,,,,,,,,,,,,,,,,,,
-127.1546625,-460.8127095,,,,,,,,,,,,,,,,,,,,
-244.5733255,-459.8806431,,,,,,,,,,,,,,,,,,,,
-123.2903853,-458.4360498,,,,,,,,,,,,,,,,,,,,
-234.8745309,-457.4806587,,,,,,,,,,,,,,,,,,,,
-128.2980528,-456.0798816,,,,,,,,,,,,,,,,,,,,
-124.0574805,-454.673007,,,,,,,,,,,,,,,,,,,,
-255.3329321,-453.8319097,,,,,,,,,,,,,,,,,,,,
-118.5469919,-452.4231495,,,,,,,,,,,,,,,,,,,,
-121.1445263,-451.0370465,,,,,,,,,,,,,,,,,,,,
-248.6744648,-450.1938691,,,,,,,,,,,,,,,,,,,,
-119.1466877,-448.8202293,,,,,,,,,,,,,,,,,,,,
-127.4644115,-447.4923127,,,,,,,,,,,,,,,,,,,,
-242.4779848,-446.6486323,,,,,,,,,,,,,,,,,,,,
-243.0793195,-445.8143319,,,,,,,,,,,,,,,,,,,,
-117.7843026,-444.4754338,,,,,,,,,,,,,,,,,,,,
-122.894829,-443.1681956,,,,,,,,,,,,,,,,,,,,
-126.6446742,-441.8867238,,,,,,,,,,,,,,,,,,,,
-127.5881932,-440.619391,,,,,,,,,,,,,,,,,,,,
-244.1891017,-439.8305144,,,,,,,,,,,,,,,,,,,,
-0.619179698,-438.073669,,,,,,,,,,,,,,,,,,,,
-126.379694,-436.8318604,,,,,,,,,,,,,,,,,,,,
-244.5292173,-436.0687546,,,,,,,,,,,,,,,,,,,,
-125.9149077,-434.8428501,,,,,,,,,,,,,,,,,,,,
-224.7599702,-434.0157522,,,,,,,,,,,,,,,,,,,,
-362.5191374,-433.7353733,,,,,,,,,,,,,,,,,,,,
-0.344814218,-432.0424414,,,,,,,,,,,,,,,,,,,,
-125.8382592,-430.8509854,,,,,,,,,,,,,,,,,,,,
-486.0541782,-431.0649513,,,,,,,,,,,,,,,,,,,,
-0.420168277,-429.4022301,,,,,,,,,,,,,,,,,,,,
-118.2309098,-428.2054174,,,,,,,,,,,,,,,,,,,,
-115.4087853,-427.0069628,,,,,,,,,,,,,,,,,,,,
-119.30481,-425.8325271,,,,,,,,,,,,,,,,,,,,
-123.4761142,-424.682883,,,,,,,,,,,,,,,,,,,,
-116.0471072,-423.5138081,,,,,,,,,,,,,,,,,,,,
-0.83018024,-421.9187755,,,,,,,,,,,,,,,,,,,,
-458.3294094,-422.0556576,,,,,,,,,,,,,,,,,,,,
-2.129043275,-420.4828987,,,,,,,,,,,,,,,,,,,,
-233.3029426,-419.7844661,,,,,,,,,,,,,,,,,,,,
-125.8824284,-418.6918934,,,,,,,,,,,,,,,,,,,,
-229.1952263,-417.9900539,,,,,,,,,,,,,,,,,,,,
-309.7649935,-417.5906995,,,,,,,,,,,,,,,,,,,,
-1.365870878,-416.0604611,,,,,,,,,,,,,,,,,,,,
-237.3130388,-415.4057087,,,,,,,,,,,,,,,,,,,,
-0.581886859,-413.8917531,,,,,,,,,,,,,,,,,,,,
-2.316644037,-412.3951163,,,,,,,,,,,,,,,,,,,,
-228.2992167,-411.7281022,,,,,,,,,,,,,,,,,,,,
-312.5244028,-411.3699661,,,,,,,,,,,,,,,,,,,,
-124.3782653,-410.3376219,,,,,,,,,,,,,,,,,,,,
-249.2715209,-409.760324,,,,,,,,,,,,,,,,,,,,
-121.8429959,-408.7320478,,,,,,,,,,,,,,,,,,,,
-124.0524312,-407.7189531,,,,,,,,,,,,,,,,,,,,
-116.115215,-406.6848973,,,,,,,,,,,,,,,,,,,,
-128.0220177,-405.7002228,,,,,,,,,,,,,,,,,,,,
-224.1561853,-405.0609833,,,,,,,,,,,,,,,,,,,,
-121.9475828,-404.0676029,,,,,,,,,,,,,,,,,,,,
-130.6500838,-403.1115976,,,,,,,,,,,,,,,,,,,,
-1.321204605,-401.7116311,,,,,,,,,,,,,,,,,,,,
-120.3380709,-400.7346395,,,,,,,,,,,,,,,,,,,,
-246.7346631,-400.2017677,,,,,,,,,,,,,,,,,,,,
-229.5555106,-399.6133323,,,,,,,,,,,,,,,,,,,,
-239.8597723,-399.064351,,,,,,,,,,,,,,,,,,,,
-122.8463562,-398.1183989,,,,,,,,,,,,,,,,,,,,
-126.8827129,-397.1926799,,,,,,,,,,,,,,,,,,,,
-236.1715294,-396.6449889,,,,,,,,,,,,,,,,,,,,
-221.3905196,-396.0509059,,,,,,,,,,,,,,,,,,,,
-118.0138825,-395.1115917,,,,,,,,,,,,,,,,,,,,
-126.5926657,-394.2074875,,,,,,,,,,,,,,,,,,,,
-115.419075,-393.271956,,,,,,,,,,,,,,,,,,,,
-249.716896,-392.7918387,,,,,,,,,,,,,,,,,,,,
-240.5095749,-392.2842312,,,,,,,,,,,,,,,,,,,,
-118.7715311,-391.3755511,,,,,,,,,,,,,,,,,,,,
-125.2995907,-390.4945049,,,,,,,,,,,,,,,,,,,,
-240.3831387,-389.9990878,,,,,,,,,,,,,,,,,,,,
-121.422443,-389.115612,,,,,,,,,,,,,,,,,,,,
-127.6514602,-388.2583525,,,,,,,,,,,,,,,,,,,,
-121.5562165,-387.3867769,,,,,,,,,,,,,,,,,,,,
-117.6737727,-386.5082329,,,,,,,,,,,,,,,,,,,,
-249.1644815,-386.0623116,,,,,,,,,,,,,,,,,,,,
-122.4549907,-385.2092135,,,,,,,,,,,,,,,,,,,,
-350.6503218,-385.0977332,,,,,,,,,,,,,,,,,,,,
-242.0560734,-384.6377922,,,,,,,,,,,,,,,,,,,,
-4.609846616,-383.4197539,,,,,,,,,,,,,,,,,,,,
-237.0594381,-382.952149,,,,,,,,,,,,,,,,,,,,
-124.8443429,-382.1301497,,,,,,,,,,,,,,,,,,,,
-1.540043404,-380.9219271,,,,,,,,,,,,,,,,,,,,
-244.568589,-380.4904292,,,,,,,,,,,,,,,,,,,,
-121.854646,-379.6745434,,,,,,,,,,,,,,,,,,,,
-123.604164,-378.8692907,,,,,,,,,,,,,,,,,,,,
-121.7480767,-378.0632681,,,,,,,,,,,,,,,,,,,,
-226.0827086,-377.5883288,,,,,,,,,,,,,,,,,,,,
-130.72585,-376.8192868,,,,,,,,,,,,,,,,,,,,
-121.9572743,-376.0277899,,,,,,,,,,,,,,,,,,,,
-363.472178,-375.988918,,,,,,,,,,,,,,,,,,,,
-1.398392614,-374.8327744,,,,,,,,,,,,,,,,,,,,
-229.4937074,-374.3855773,,,,,,,,,,,,,,,,,,,,
-1.441297044,-373.2415764,,,,,,,,,,,,,,,,,,,,
-114.730205,-372.4510218,,,,,,,,,,,,,,,,,,,,
-120.6305347,-371.6832764,,,,,,,,,,,,,,,,,,,,
-125.0000978,-370.9334795,,,,,,,,,,,,,,,,,,,,
-245.3764798,-370.5530038,,,,,,,,,,,,,,,,,,,,
-125.82978,-369.8136587,,,,,,,,,,,,,,,,,,,,
-2.179829376,-368.7063279,,,,,,,,,,,,,,,,,,,,
-1.086244883,-367.6023636,,,,,,,,,,,,,,,,,,,,
-347.1528193,-367.5411375,,,,,,,,,,,,,,,,,,,,
-235.0803585,-367.1457322,,,,,,,,,,,,,,,,,,,,
-223.9198939,-366.7194648,,,,,,,,,,,,,,,,,,,,
-219.9305104,-366.2838892,,,,,,,,,,,,,,,,,,,,
-124.1904768,-365.5676365,,,,,,,,,,,,,,,,,,,,
-2.100427088,-364.4954619,,,,,,,,,,,,,,,,,,,,
-117.0464872,-363.7676708,,,,,,,,,,,,,,,,,,,,
-117.0180394,-363.0440648,,,,,,,,,,,,,,,,,,,,
-114.5725967,-362.3175401,,,,,,,,,,,,,,,,,,,,
-311.4376858,-362.1692023,,,,,,,,,,,,,,,,,,,,
-114.8303537,-361.450194,,,,,,,,,,,,,,,,,,,,
-116.4944449,-360.7401774,,,,,,,,,,,,,,,,,,,,
-121.2327894,-360.0479595,,,,,,,,,,,,,,,,,,,,
-124.0145749,-359.367748,,,,,,,,,,,,,,,,,,,,
-123.3684248,-358.689589,,,,,,,,,,,,,,,,,,,,
-247.045866,-358.369693,,,,,,,,,,,,,,,,,,,,
-123.4446491,-357.6984785,,,,,,,,,,,,,,,,,,,,
-1.624898484,-356.6840239,,,,,,,,,,,,,,,,,,,,
-227.0782027,-356.3158255,,,,,,,,,,,,,,,,,,,,
-113.9286323,-355.6291763,,,,,,,,,,,,,,,,,,,,
-125.5867182,-354.9793388,,,,,,,,,,,,,,,,,,,,
-132.3461643,-354.3522031,,,,,,,,,,,,,,,,,,,,
-0.527907893,-353.3583146,,,,,,,,,,,,,,,,,,,,
-113.4985649,-352.6864386,,,,,,,,,,,,,,,,,,,,
-122.1877457,-352.0425875,,,,,,,,,,,,,,,,,,,,
-120.4243452,-351.3974113,,,,,,,,,,,,,,,,,,,,
-346.0853912,-351.3826557,,,,,,,,,,,,,,,,,,,,
-123.2517429,-350.7507141,,,,,,,,,,,,,,,,,,,,
-244.4829067,-350.4571567,,,,,,,,,,,,,,,,,,,,
-123.9481167,-349.8331648,,,,,,,,,,,,,,,,,,,,
-123.2706277,-349.2107403,,,,,,,,,,,,,,,,,,,,
-122.1642242,-348.588695,,,,,,,,,,,,,,,,,,,,
-247.0039581,-348.3111411,,,,,,,,,,,,,,,,,,,,
-115.5974292,-347.6770438,,,,,,,,,,,,,,,,,,,,
-116.1341383,-347.0478511,,,,,,,,,,,,,,,,,,,,
-1.336357972,-346.1109636,,,,,,,,,,,,,,,,,,,,
-122.1459111,-345.5056526,,,,,,,,,,,,,,,,,,,,
-124.8048353,-344.9107717,,,,,,,,,,,,,,,,,,,,
-224.3103687,-344.5865771,,,,,,,,,,,,,,,,,,,,
-303.2924039,-344.4758689,,,,,,,,,,,,,,,,,,,,
-126.4668412,-343.892957,,,,,,,,,,,,,,,,,,,,
-121.8962888,-343.3009659,,,,,,,,,,,,,,,,,,,,
-122.4354217,-342.7135575,,,,,,,,,,,,,,,,,,,,
-124.2689098,-342.1341288,,,,,,,,,,,,,,,,,,,,
-124.9267582,-341.5595061,,,,,,,,,,,,,,,,,,,,
-1.368546862,-340.6619046,,,,,,,,,,,,,,,,,,,,
-118.8782908,-340.0782635,,,,,,,,,,,,,,,,,,,,
-125.6746255,-339.5155243,,,,,,,,,,,,,,,,,,,,
-1.154488084,-338.6297624,,,,,,,,,,,,,,,,,,,,
-125.0811338,-338.0721942,,,,,,,,,,,,,,,,,,,,
-120.7454191,-337.5062391,,,,,,,,,,,,,,,,,,,,
-252.9435245,-337.2865957,,,,,,,,,,,,,,,,,,,,
-238.5299143,-337.0307493,,,,,,,,,,,,,,,,,,,,
-117.445922,-336.4633467,,,,,,,,,,,,,,,,,,,,
-118.7487187,-335.9022265,,,,,,,,,,,,,,,,,,,,
-236.7422063,-335.6473164,,,,,,,,,,,,,,,,,,,,
-121.0465523,-335.0970581,,,,,,,,,,,,,,,,,,,,
-128.9961189,-334.5699457,,,,,,,,,,,,,,,,,,,,
-120.4588479,-334.0237439,,,,,,,,,,,,,,,,,,,,
-363.063567,-334.0976366,,,,,,,,,,,,,,,,,,,,
-225.3106645,-333.8215275,,,,,,,,,,,,,,,,,,,,
-3.868369708,-332.9862031,,,,,,,,,,,,,,,,,,,,
-125.1797244,-332.4614392,,,,,,,,,,,,,,,,,,,,
-126.7363892,-331.9432401,,,,,,,,,,,,,,,,,,,,
-126.4331038,-331.426883,,,,,,,,,,,,,,,,,,,,
-125.5404737,-330.910877,,,,,,,,,,,,,,,,,,,,
-122.9486942,-330.3909715,,,,,,,,,,,,,,,,,,,,
-126.7485809,-329.8831351,,,,,,,,,,,,,,,,,,,,
-115.2296843,-329.3491713,,,,,,,,,,,,,,,,,,,,
-233.947598,-329.1124428,,,,,,,,,,,,,,,,,,,,
-114.9970433,-328.5824542,,,,,,,,,,,,,,,,,,,,
-119.0406348,-328.065067,,,,,,,,,,,,,,,,,,,,
-1.889892398,-327.2616799,,,,,,,,,,,,,,,,,,,,
-4.39836929,-326.4684039,,,,,,,,,,,,,,,,,,,,
-234.6136356,-326.2432697,,,,,,,,,,,,,,,,,,,,
-117.527842,-325.732963,,,,,,,,,,,,,,,,,,,,
-341.1524243,-325.7705715,,,,,,,,,,,,,,,,,,,,
-125.6118889,-325.2835674,,,,,,,,,,,,,,,,,,,,
-502.0872709,-325.7127026,,,,,,,,,,,,,,,,,,,,
-122.3559179,-325.2203133,,,,,,,,,,,,,,,,,,,,
-388.9336502,-325.3742102,,,,,,,,,,,,,,,,,,,,
-3.615251507,-324.5988874,,,,,,,,,,,,,,,,,,,,
-1.068140336,-323.8211693,,,,,,,,,,,,,,,,,,,,
-245.3679864,-323.6330322,,,,,,,,,,,,,,,,,,,,
-236.941549,-323.4256363,,,,,,,,,,,,,,,,,,,,
-239.8620996,-323.2262006,,,,,,,,,,,,,,,,,,,,
-235.3230088,-323.0169073,,,,,,,,,,,,,,,,,,,,
-125.1391886,-322.546889,,,,,,,,,,,,,,,,,,,,
-219.7533607,-322.3033024,,,,,,,,,,,,,,,,,,,,
-115.3056292,-321.8139462,,,,,,,,,,,,,,,,,,,,
-241.65469,-321.6248914,,,,,,,,,,,,,,,,,,,,
-119.7846682,-321.1499732,,,,,,,,,,,,,,,,,,,,
-121.315243,-320.6808776,,,,,,,,,,,,,,,,,,,,
-359.7157641,-320.7722942,,,,,,,,,,,,,,,,,,,,
-1.224877653,-320.0256881,,,,,,,,,,,,,,,,,,,,
-335.7157525,-320.0622616,,,,,,,,,,,,,,,,,,,,
-232.404506,-319.8584064,,,,,,,,,,,,,,,,,,,,
-127.5981668,-319.4123269,,,,,,,,,,,,,,,,,,,,
-236.5609444,-319.2205413,,,,,,,,,,,,,,,,,,,,
-1.539191018,-318.4868662,,,,,,,,,,,,,,,,,,,,
-121.4706173,-318.0329117,,,,,,,,,,,,,,,,,,,,
-120.3274072,-317.5784163,,,,,,,,,,,,,,,,,,,,
-249.3921152,-317.4220257,,,,,,,,,,,,,,,,,,,,
-122.1179872,-316.9751057,,,,,,,,,,,,,,,,,,,,
-127.3844331,-316.5422502,,,,,,,,,,,,,,,,,,,,
-1.263402919,-315.8240752,,,,,,,,,,,,,,,,,,,,
-123.9671464,-315.3880367,,,,,,,,,,,,,,,,,,,,
-129.440209,-314.9663863,,,,,,,,,,,,,,,,,,,,
-117.9348613,-314.5206136,,,,,,,,,,,,,,,,,,,,
-119.4385742,-314.0802479,,,,,,,,,,,,,,,,,,,,
-126.5197307,-313.6578143,,,,,,,,,,,,,,,,,,,,
-115.396323,-313.2122828,,,,,,,,,,,,,,,,,,,,
-120.7773489,-312.7808144,,,,,,,,,,,,,,,,,,,,
-4.122596833,-312.0903038,,,,,,,,,,,,,,,,,,,,
-4.709676366,-311.4041863,,,,,,,,,,,,,,,,,,,,
-5.064389265,-310.7219151,,,,,,,,,,,,,,,,,,,,
-127.2865371,-310.3142809,,,,,,,,,,,,,,,,,,,,
-363.9157833,-310.4331312,,,,,,,,,,,,,,,,,,,,
-125.0221187,-310.0229299,,,,,,,,,,,,,,,,,,,,
-133.3122519,-309.6328401,,,,,,,,,,,,,,,,,,,,
-8.17931947,-308.9688455,,,,,,,,,,,,,,,,,,,,
-374.5403266,-309.1129587,,,,,,,,,,,,,,,,,,,,
-245.8658476,-308.9742589,,,,,,,,,,,,,,,,,,,,
-132.6439061,-308.5884157,,,,,,,,,,,,,,,,,,,,
-255.7208621,-308.4729843,,,,,,,,,,,,,,,,,,,,
-294.6453452,-308.4428587,,,,,,,,,,,,,,,,,,,,
-133.1200611,-308.0617222,,,,,,,,,,,,,,,,,,,,
-132.8730976,-307.6817035,,,,,,,,,,,,,,,,,,,,
-126.2566179,-307.2890085,,,,,,,,,,,,,,,,,,,,
-141.416105,-306.9307517,,,,,,,,,,,,,,,,,,,,
-250.6569805,-306.809472,,,,,,,,,,,,,,,,,,,,
-12.38857556,-306.1763088,,,,,,,,,,,,,,,,,,,,
-234.5443312,-306.0225921,,,,,,,,,,,,,,,,,,,,
-127.7873492,-305.6409321,,,,,,,,,,,,,,,,,,,,
-9.603949082,-305.0083744,,,,,,,,,,,,,,,,,,,,
-130.8691802,-304.6370755,,,,,,,,,,,,,,,,,,,,
-133.0234022,-304.27194,,,,,,,,,,,,,,,,,,,,
-14.31815129,-303.6563269,,,,,,,,,,,,,,,,,,,,
-240.2623009,-303.5220175,,,,,,,,,,,,,,,,,,,,
-123.1459441,-303.1406728,,,,,,,,,,,,,,,,,,,,
-133.2646553,-302.7822845,,,,,,,,,,,,,,,,,,,,
-256.8061284,-302.6854926,,,,,,,,,,,,,,,,,,,,
-234.2541713,-302.5417293,,,,,,,,,,,,,,,,,,,,
-133.1336515,-302.1865761,,,,,,,,,,,,,,,,,,,,
-131.7278122,-301.8299678,,,,,,,,,,,,,,,,,,,,
-130.4780681,-301.4722395,,,,,,,,,,,,,,,,,,,,
-125.2594316,-301.1051294,,,,,,,,,,,,,,,,,,,,
-135.4831378,-300.760801,,,,,,,,,,,,,,,,,,,,
-255.2233428,-300.6663249,,,,,,,,,,,,,,,,,,,,
-246.0222969,-300.5531903,,,,,,,,,,,,,,,,,,,,
-130.9884126,-300.2028498,,,,,,,,,,,,,,,,,,,,
-123.7592422,-299.8390486,,,,,,,,,,,,,,,,,,,,
-254.5177109,-299.7457948,,,,,,,,,,,,,,,,,,,,
-11.21860662,-299.1533365,,,,,,,,,,,,,,,,,,,,
-124.8085335,-298.7960726,,,,,,,,,,,,,,,,,,,,
-250.8149553,-298.6979517,,,,,,,,,,,,,,,,,,,,
-123.3120615,-298.3400213,,,,,,,,,,,,,,,,,,,,
-238.8678851,-298.2188968,,,,,,,,,,,,,,,,,,,,
-121.7323947,-297.8601844,,,,,,,,,,,,,,,,,,,,
-240.0277164,-297.7428771,,,,,,,,,,,,,,,,,,,,
-254.0898166,-297.6545106,,,,,,,,,,,,,,,,,,,,
-135.2992692,-297.3265202,,,,,,,,,,,,,,,,,,,,
-230.2566623,-297.1912987,,,,,,,,,,,,,,,,,,,,
-136.1167317,-296.867205,,,,,,,,,,,,,,,,,,,,
-129.9390378,-296.5320079,,,,,,,,,,,,,,,,,,,,
-122.1924621,-296.1826301,,,,,,,,,,,,,,,,,,,,
-123.3945712,-295.837054,,,,,,,,,,,,,,,,,,,,
-335.3239663,-295.9158701,,,,,,,,,,,,,,,,,,,,
-6.905183831,-295.3401516,,,,,,,,,,,,,,,,,,,,
-400.4611919,-295.5491398,,,,,,,,,,,,,,,,,,,,
-244.1170317,-295.447092,,,,,,,,,,,,,,,,,,,,
-5.173709026,-294.8722932,,,,,,,,,,,,,,,,,,,,
-5.058069721,-294.2995378,,,,,,,,,,,,,,,,,,,,
-130.4768486,-293.9764161,,,,,,,,,,,,,,,,,,,,
-131.0308949,-293.6556572,,,,,,,,,,,,,,,,,,,,
-299.4026524,-293.666948,,,,,,,,,,,,,,,,,,,,
-4.367366693,-293.0996939,,,,,,,,,,,,,,,,,,,,
-252.2403881,-293.0197344,,,,,,,,,,,,,,,,,,,,
-371.1425325,-293.172318,,,,,,,,,,,,,,,,,,,,
-242.364028,-293.0732765,,,,,,,,,,,,,,,,,,,,
-129.2384612,-292.7545317,,,,,,,,,,,,,,,,,,,,
-116.9990495,-292.4132589,,,,,,,,,,,,,,,,,,,,
-2.619775071,-291.8516437,,,,,,,,,,,,,,,,,,,,
-233.6783422,-291.7391228,,,,,,,,,,,,,,,,,,,,
-242.3762789,-291.6438277,,,,,,,,,,,,,,,,,,,,
-130.7458206,-291.3338123,,,,,,,,,,,,,,,,,,,,
-308.8213977,-291.3674422,,,,,,,,,,,,,,,,,,,,
-241.9564852,-291.2726036,,,,,,,,,,,,,,,,,,,,
-228.7895306,-291.1529042,,,,,,,,,,,,,,,,,,,,
-127.339952,-290.8396863,,,,,,,,,,,,,,,,,,,,
-245.0588468,-290.7523183,,,,,,,,,,,,,,,,,,,,
-127.5944109,-290.4415413,,,,,,,,,,,,,,,,,,,,
-124.566847,-290.1261902,,,,,,,,,,,,,,,,,,,,
-233.5941606,-290.0189188,,,,,,,,,,,,,,,,,,,,
-118.7966793,-289.6946342,,,,,,,,,,,,,,,,,,,,
-7.281301802,-289.1607716,,,,,,,,,,,,,,,,,,,,
-120.0931167,-288.841776,,,,,,,,,,,,,,,,,,,,
-116.1051187,-288.5164716,,,,,,,,,,,,,,,,,,,,
-1.143851647,-287.9762975,,,,,,,,,,,,,,,,,,,,
-115.1568296,-287.6520583,,,,,,,,,,,,,,,,,,,,
-234.5600355,-287.5526351,,,,,,,,,,,,,,,,,,,,
-122.1982443,-287.2435615,,,,,,,,,,,,,,,,,,,,
-241.6996434,-287.1585915,,,,,,,,,,,,,,,,,,,,
-119.9210384,-286.8471621,,,,,,,,,,,,,,,,,,,,
-122.9904887,-286.5425958,,,,,,,,,,,,,,,,,,,,
-123.7222995,-286.2405173,,,,,,,,,,,,,,,,,,,,
-228.0363307,-286.1327318,,,,,,,,,,,,,,,,,,,,
-1.032651976,-285.6057446,,,,,,,,,,,,,,,,,,,,
-123.971142,-285.3075258,,,,,,,,,,,,,,,,,,,,
-234.6690725,-285.214269,,,,,,,,,,,,,,,,,,,,
-126.4530933,-284.9224286,,,,,,,,,,,,,,,,,,,,
-117.9778319,-284.6161082,,,,,,,,,,,,,,,,,,,,
-124.5044007,-284.3228633,,,,,,,,,,,,,,,,,,,,
-229.9113141,-284.2233906,,,,,,,,,,,,,,,,,,,,
-120.0291104,-283.923766,,,,,,,,,,,,,,,,,,,,
-3.081477502,-283.4122136,,,,,,,,,,,,,,,,,,,,
-120.291178,-283.1156299,,,,,,,,,,,,,,,,,,,,
-124.0525329,-282.8269492,,,,,,,,,,,,,,,,,,,,
-346.8500217,-282.942933,,,,,,,,,,,,,,,,,,,,
-124.2879954,-282.6560344,,,,,,,,,,,,,,,,,,,,
-340.2934412,-282.760073,,,,,,,,,,,,,,,,,,,,
-123.5375695,-282.4731856,,,,,,,,,,,,,,,,,,,,
-120.653407,-282.1821428,,,,,,,,,,,,,,,,,,,,
-127.7780001,-281.9049361,,,,,,,,,,,,,,,,,,,,
-122.210948,-281.6187462,,,,,,,,,,,,,,,,,,,,
-228.3999383,-281.5235426,,,,,,,,,,,,,,,,,,,,
-122.2420598,-281.2391114,,,,,,,,,,,,,,,,,,,,
-120.9309121,-280.953357,,,,,,,,,,,,,,,,,,,,
-341.9207545,-281.0618399,,,,,,,,,,,,,,,,,,,,
-126.4597428,-280.7872358,,,,,,,,,,,,,,,,,,,,
-126.7396304,-280.5141018,,,,,,,,,,,,,,,,,,,,
-123.1481272,-280.2355779,,,,,,,,,,,,,,,,,,,,
-129.2844823,-279.9688799,,,,,,,,,,,,,,,,,,,,
-121.2838032,-279.689012,,,,,,,,,,,,,,,,,,,,
-229.3790889,-279.6004382,,,,,,,,,,,,,,,,,,,,
-126.8412086,-279.3319686,,,,,,,,,,,,,,,,,,,,
-245.9874889,-279.2734695,,,,,,,,,,,,,,,,,,,,
-117.9422212,-278.9909279,,,,,,,,,,,,,,,,,,,,
-121.7568559,-278.7160431,,,,,,,,,,,,,,,,,,,,
-244.5754159,-278.6564609,,,,,,,,,,,,,,,,,,,,
-121.7844402,-278.3831647,,,,,,,,,,,,,,,,,,,,
-228.9790316,-278.2972445,,,,,,,,,,,,,,,,,,,,
-116.8364548,-278.0169306,,,,,,,,,,,,,,,,,,,,
-122.1475127,-277.746793,,,,,,,,,,,,,,,,,,,,
-120.5533923,-277.4748321,,,,,,,,,,,,,,,,,,,,
-121.1175328,-277.2047849,,,,,,,,,,,,,,,,,,,,
-128.8278739,-276.9489626,,,,,,,,,,,,,,,,,,,,
-232.4615523,-276.8723922,,,,,,,,,,,,,,,,,,,,
-122.849104,-276.6077474,,,,,,,,,,,,,,,,,,,,
-123.9070411,-276.3458251,,,,,,,,,,,,,,,,,,,,
-131.7273806,-276.0981908,,,,,,,,,,,,,,,,,,,,
-121.870788,-275.8345542,,,,,,,,,,,,,,,,,,,,
-126.6634665,-275.579996,,,,,,,,,,,,,,,,,,,,
-123.492528,-275.3209032,,,,,,,,,,,,,,,,,,,,
-121.8438865,-275.0598879,,,,,,,,,,,,,,,,,,,,
-241.2834693,-275.0025425,,,,,,,,,,,,,,,,,,,,
-1.272634154,-274.5385935,,,,,,,,,,,,,,,,,,,,
-240.8303739,-274.4815576,,,,,,,,,,,,,,,,,,,,
-2.358434979,-274.0218902,,,,,,,,,,,,,,,,,,,,
-125.4672595,-273.7713765,,,,,,,,,,,,,,,,,,,,
-3.397309124,-273.3162013,,,,,,,,,,,,,,,,,,,,
-133.389126,-273.0810297,,,,,,,,,,,,,,,,,,,,
-235.3874478,-273.0177855,,,,,,,,,,,,,,,,,,,,
-126.6162988,-272.7725568,,,,,,,,,,,,,,,,,,,,
-125.7682575,-272.5267303,,,,,,,,,,,,,,,,,,,,
-122.3023831,-272.2759384,,,,,,,,,,,,,,,,,,,,
-1.642725526,-271.824883,,,,,,,,,,,,,,,,,,,,
-127.599728,-271.5849077,,,,,,,,,,,,,,,,,,,,
-326.984347,-271.6769333,,,,,,,,,,,,,,,,,,,,
-121.3821377,-271.4276882,,,,,,,,,,,,,,,,,,,,
-120.4411263,-271.1777105,,,,,,,,,,,,,,,,,,,,
-126.5009526,-270.9385754,,,,,,,,,,,,,,,,,,,,
-122.9772183,-270.6944147,,,,,,,,,,,,,,,,,,,,
-231.9831966,-270.63064,,,,,,,,,,,,,,,,,,,,
-126.7204537,-270.3939457,,,,,,,,,,,,,,,,,,,,
-115.5609367,-270.1397043,,,,,,,,,,,,,,,,,,,,
-124.2604095,-269.9005579,,,,,,,,,,,,,,,,,,,,
-126.7828342,-269.6663227,,,,,,,,,,,,,,,,,,,,
-126.1464872,-269.4318131,,,,,,,,,,,,,,,,,,,,
-119.7894263,-269.1876983,,,,,,,,,,,,,,,,,,,,
-231.2919513,-269.1259788,,,,,,,,,,,,,,,,,,,,
-0.338956045,-268.6889268,,,,,,,,,,,,,,,,,,,,
-119.2161203,-268.4462761,,,,,,,,,,,,,,,,,,,,
-0.833921989,-268.0125446,,,,,,,,,,,,,,,,,,,,
-117.5498376,-267.7690774,,,,,,,,,,,,,,,,,,,,
-0.427725458,-267.3371851,,,,,,,,,,,,,,,,,,,,
-122.5614319,-267.1036758,,,,,,,,,,,,,,,,,,,,
-128.2883832,-266.8801407,,,,,,,,,,,,,,,,,,,,
-128.9626235,-266.6584084,,,,,,,,,,,,,,,,,,,,
-240.790077,-266.6168862,,,,,,,,,,,,,,,,,,,,
-118.685882,-266.3798173,,,,,,,,,,,,,,,,,,,,
-222.4901507,-266.3095938,,,,,,,,,,,,,,,,,,,,
-125.5695464,-266.0847694,,,,,,,,,,,,,,,,,,,,
-120.307591,-265.8522699,,,,,,,,,,,,,,,,,,,,
-126.124682,-265.6297738,,,,,,,,,,,,,,,,,,,,
-378.9114112,-265.8098718,,,,,,,,,,,,,,,,,,,,
-225.3891761,-265.7457119,,,,,,,,,,,,,,,,,,,,
-223.7066035,-265.6790889,,,,,,,,,,,,,,,,,,,,
-3.640368918,-265.2644707,,,,,,,,,,,,,,,,,,,,
-119.4987628,-265.0341931,,,,,,,,,,,,,,,,,,,,
-128.8202589,-264.8193447,,,,,,,,,,,,,,,,,,,,
-129.5946062,-264.6063923,,,,,,,,,,,,,,,,,,,,
-132.822011,-264.3991842,,,,,,,,,,,,,,,,,,,,
-122.9680873,-264.1771573,,,,,,,,,,,,,,,,,,,,
-245.5596535,-264.1479763,,,,,,,,,,,,,,,,,,,,
-126.7825213,-263.9330069,,,,,,,,,,,,,,,,,,,,
-361.3958125,-264.0852925,,,,,,,,,,,,,,,,,,,,
-127.1953815,-263.8717357,,,,,,,,,,,,,,,,,,,,
-246.2184231,-263.8442383,,,,,,,,,,,,,,,,,,,,
-6.40949527,-263.4438733,,,,,,,,,,,,,,,,,,,,
-250.1713995,-263.4232638,,,,,,,,,,,,,,,,,,,,
-241.867099,-263.3898434,,,,,,,,,,,,,,,,,,,,
-130.332944,-263.183873,,,,,,,,,,,,,,,,,,,,
-521.663801,-263.5833783,,,,,,,,,,,,,,,,,,,,
-122.4845496,-263.3656332,,,,,,,,,,,,,,,,,,,,
-115.5467406,-263.1378691,,,,,,,,,,,,,,,,,,,,
-125.076989,-262.9254677,,,,,,,,,,,,,,,,,,,,
-242.4691336,-262.8940448,,,,,,,,,,,,,,,,,,,,
-238.2213827,-262.8562033,,,,,,,,,,,,,,,,,,,,
-245.358706,-262.8294077,,,,,,,,,,,,,,,,,,,,
-126.4682241,-262.6209044,,,,,,,,,,,,,,,,,,,,
-119.0844789,-262.4017648,,,,,,,,,,,,,,,,,,,,
-120.6478374,-262.1856765,,,,,,,,,,,,,,,,,,,,
-228.8474868,-262.1349335,,,,,,,,,,,,,,,,,,,,
-120.8867268,-261.9202705,,,,,,,,,,,,,,,,,,,,
-241.3510286,-261.8890577,,,,,,,,,,,,,,,,,,,,
-124.960961,-261.6815909,,,,,,,,,,,,,,,,,,,,
-113.6717507,-261.4576728,,,,,,,,,,,,,,,,,,,,
-3.29943264,-261.0677057,,,,,,,,,,,,,,,,,,,,
-122.8600041,-260.8592476,,,,,,,,,,,,,,,,,,,,
-237.3921629,-260.8239056,,,,,,,,,,,,,,,,,,,,
-128.8713405,-260.6254807,,,,,,,,,,,,,,,,,,,,
-129.1582699,-260.4280825,,,,,,,,,,,,,,,,,,,,
-123.4642945,-260.2227395,,,,,,,,,,,,,,,,,,,,
-234.4389456,-260.184141,,,,,,,,,,,,,,,,,,,,
-126.5468569,-259.9843842,,,,,,,,,,,,,,,,,,,,
-119.7406096,-259.7750652,,,,,,,,,,,,,,,,,,,,
-132.0820781,-259.5847627,,,,,,,,,,,,,,,,,,,,
-128.350709,-259.3894739,,,,,,,,,,,,,,,,,,,,
-124.2324174,-259.1886462,,,,,,,,,,,,,,,,,,,,
-231.4725028,-259.1475243,,,,,,,,,,,,,,,,,,,,
-233.5327654,-259.1095765,,,,,,,,,,,,,,,,,,,,
-365.5191222,-259.2669871,,,,,,,,,,,,,,,,,,,,
-239.8001707,-259.2382325,,,,,,,,,,,,,,,,,,,,
-121.9132656,-259.0356883,,,,,,,,,,,,,,,,,,,,
-258.882906,-259.0354633,,,,,,,,,,,,,,,,,,,,
-1.88722177,-258.6573042,,,,,,,,,,,,,,,,,,,,
-129.4253861,-258.4675363,,,,,,,,,,,,,,,,,,,,
-129.5913464,-258.2785683,,,,,,,,,,,,,,,,,,,,
-123.6681851,-258.0814813,,,,,,,,,,,,,,,,,,,,
-365.1475188,-258.2380106,,,,,,,,,,,,,,,,,,,,
-237.8301328,-258.2082181,,,,,,,,,,,,,,,,,,,,
-239.9064627,-258.1815391,,,,,,,,,,,,,,,,,,,,
-133.2083586,-257.9996277,,,,,,,,,,,,,,,,,,,,
-121.9062676,-257.8018176,,,,,,,,,,,,,,,,,,,,
-233.0242045,-257.7658559,,,,,,,,,,,,,,,,,,,,
-123.9504538,-257.5719205,,,,,,,,,,,,,,,,,,,,
-226.3778595,-257.5267771,,,,,,,,,,,,,,,,,,,,
-120.9284341,-257.3293807,,,,,,,,,,,,,,,,,,,,
-234.265621,-257.2960996,,,,,,,,,,,,,,,,,,,,
-125.3438799,-257.1059668,,,,,,,,,,,,,,,,,,,,
-125.036787,-256.9159392,,,,,,,,,,,,,,,,,,,,
-125.0146938,-256.7264259,,,,,,,,,,,,,,,,,,,,
-124.8390711,-256.5372044,,,,,,,,,,,,,,,,,,,,
-128.0794672,-256.3531676,,,,,,,,,,,,,,,,,,,,
-334.7039361,-256.4652574,,,,,,,,,,,,,,,,,,,,
-124.3943187,-256.2765846,,,,,,,,,,,,,,,,,,,,
-3.233442665,-255.9156101,,,,,,,,,,,,,,,,,,,,
-128.6166645,-255.7342725,,,,,,,,,,,,,,,,,,,,
-124.9413946,-255.5482229,,,,,,,,,,,,,,,,,,,,
-230.9272007,-255.5132499,,,,,,,,,,,,,,,,,,,,
-242.4230703,-255.4946822,,,,,,,,,,,,,,,,,,,,
-123.9409124,-255.3083455,,,,,,,,,,,,,,,,,,,,
-124.8292035,-255.1237922,,,,,,,,,,,,,,,,,,,,
-128.9118888,-254.9455268,,,,,,,,,,,,,,,,,,,,
-244.2614104,-254.9304575,,,,,,,,,,,,,,,,,,,,
-366.9612909,-255.0882474,,,,,,,,,,,,,,,,,,,,
-5.947669255,-254.7378388,,,,,,,,,,,,,,,,,,,,
-5.112461795,-254.3872413,,,,,,,,,,,,,,,,,,,,
-128.4035936,-254.2105462,,,,,,,,,,,,,,,,,,,,
-130.5246461,-254.0373166,,,,,,,,,,,,,,,,,,,,
-128.8279914,-253.8621987,,,,,,,,,,,,,,,,,,,,
-129.0321044,-253.687855,,,,,,,,,,,,,,,,,,,,
-242.1056198,-253.6717012,,,,,,,,,,,,,,,,,,,,
-135.6453173,-253.5073191,,,,,,,,,,,,,,,,,,,,
-6.232130066,-253.1634036,,,,,,,,,,,,,,,,,,,,
-4.311696252,-252.8177763,,,,,,,,,,,,,,,,,,,,
-126.5641124,-252.6426672,,,,,,,,,,,,,,,,,,,,
-355.8626929,-252.7856312,,,,,,,,,,,,,,,,,,,,
-233.5531933,-252.7590303,,,,,,,,,,,,,,,,,,,,
-236.886171,-252.7371065,,,,,,,,,,,,,,,,,,,,
-3.025316189,-252.3926764,,,,,,,,,,,,,,,,,,,,
-124.3955056,-252.2163718,,,,,,,,,,,,,,,,,,,,
-127.8783146,-252.0453428,,,,,,,,,,,,,,,,,,,,
-240.0814291,-252.0289089,,,,,,,,,,,,,,,,,,,,
-122.2880232,-251.8509378,,,,,,,,,,,,,,,,,,,,
-128.8451596,-251.6824368,,,,,,,,,,,,,,,,,,,,
-121.8300037,-251.5048001,,,,,,,,,,,,,,,,,,,,
-121.9386772,-251.3277972,,,,,,,,,,,,,,,,,,,,
-131.2891152,-251.1640336,,,,,,,,,,,,,,,,,,,,
-230.433491,-251.1357904,,,,,,,,,,,,,,,,,,,,
-123.5336207,-250.962182,,,,,,,,,,,,,,,,,,,,
-282.9313396,-251.0056183,,,,,,,,,,,,,,,,,,,,
-119.9924927,-250.8278529,,,,,,,,,,,,,,,,,,,,
-122.8117389,-250.6543893,,,,,,,,,,,,,,,,,,,,
-122.5357357,-250.4810217,,,,,,,,,,,,,,,,,,,,
-246.5800069,-250.4757501,,,,,,,,,,,,,,,,,,,,
-359.0280263,-250.6222444,,,,,,,,,,,,,,,,,,,,
-119.6201535,-250.4456917,,,,,,,,,,,,,,,,,,,,
-256.5893153,-250.4539604,,,,,,,,,,,,,,,,,,,,
-122.6854665,-250.2822285,,,,,,,,,,,,,,,,,,,,
-115.3702318,-250.1011386,,,,,,,,,,,,,,,,,,,,
-285.6087921,-250.148736,,,,,,,,,,,,,,,,,,,,
-114.3082497,-249.9668879,,,,,,,,,,,,,,,,,,,,
-123.7974807,-249.7982123,,,,,,,,,,,,,,,,,,,,
-124.7279301,-249.6312292,,,,,,,,,,,,,,,,,,,,
-118.1244606,-249.4558869,,,,,,,,,,,,,,,,,,,,
-123.097726,-249.2876337,,,,,,,,,,,,,,,,,,,,
-250.5575437,-249.2893224,,,,,,,,,,,,,,,,,,,,
-359.9396596,-249.4362684,,,,,,,,,,,,,,,,,,,,
-122.8784363,-249.2684198,,,,,,,,,,,,,,,,,,,,
-117.7482991,-249.094221,,,,,,,,,,,,,,,,,,,,
-120.7912145,-248.924508,,,,,,,,,,,,,,,,,,,,
-131.9450102,-248.7699776,,,,,,,,,,,,,,,,,,,,
-130.0449412,-248.6133483,,,,,,,,,,,,,,,,,,,,
-485.1540967,-248.9249962,,,,,,,,,,,,,,,,,,,,
-123.807231,-248.7603675,,,,,,,,,,,,,,,,,,,,
-126.5108472,-248.5997243,,,,,,,,,,,,,,,,,,,,
-122.4180966,-248.4341316,,,,,,,,,,,,,,,,,,,,
-124.9124448,-248.2722421,,,,,,,,,,,,,,,,,,,,
-242.1994492,-248.2642934,,,,,,,,,,,,,,,,,,,,
-125.4214456,-248.1037145,,,,,,,,,,,,,,,,,,,,
-118.8338871,-247.9349549,,,,,,,,,,,,,,,,,,,,
-133.9306594,-247.7863183,,,,,,,,,,,,,,,,,,,,
-127.2449488,-247.6293634,,,,,,,,,,,,,,,,,,,,
-243.6203969,-247.6241502,,,,,,,,,,,,,,,,,,,,
-241.2658867,-247.6158927,,,,,,,,,,,,,,,,,,,,
-123.392898,-247.4547734,,,,,,,,,,,,,,,,,,,,
-120.4607545,-247.2902734,,,,,,,,,,,,,,,,,,,,
-247.706733,-247.2908121,,,,,,,,,,,,,,,,,,,,
-129.8359024,-247.1390616,,,,,,,,,,,,,,,,,,,,
-131.9973406,-246.9904916,,,,,,,,,,,,,,,,,,,,
-245.7092625,-246.9888406,,,,,,,,,,,,,,,,,,,,
-131.3533386,-246.8400175,,,,,,,,,,,,,,,,,,,,
-128.0988708,-246.6873939,,,,,,,,,,,,,,,,,,,,
-126.5297121,-246.5331479,,,,,,,,,,,,,,,,,,,,
-234.1800426,-246.5173106,,,,,,,,,,,,,,,,,,,,
-119.3387721,-246.3544699,,,,,,,,,,,,,,,,,,,,
-5.275694518,-246.046185,,,,,,,,,,,,,,,,,,,,
-130.2625049,-245.8983132,,,,,,,,,,,,,,,,,,,,
-127.0793724,-245.7467584,,,,,,,,,,,,,,,,,,,,
-124.5384924,-245.592353,,,,,,,,,,,,,,,,,,,,
-122.3315715,-245.4355326,,,,,,,,,,,,,,,,,,,,
-123.5062393,-245.2806034,,,,,,,,,,,,,,,,,,,,
-225.2423128,-245.2551741,,,,,,,,,,,,,,,,,,,,
-120.6296272,-245.0972203,,,,,,,,,,,,,,,,,,,,
-356.7659368,-245.2385731,,,,,,,,,,,,,,,,,,,,
-6.125765639,-244.9362813,,,,,,,,,,,,,,,,,,,,
-344.8750794,-245.0624667,,,,,,,,,,,,,,,,,,,,
-3.401669919,-244.7577242,,,,,,,,,,,,,,,,,,,,
-124.4299645,-244.6061779,,,,,,,,,,,,,,,,,,,,
-2.199507772,-244.3012638,,,,,,,,,,,,,,,,,,,,
-226.2900376,-244.2786367,,,,,,,,,,,,,,,,,,,,
-118.9605735,-244.1213994,,,,,,,,,,,,,,,,,,,,
-126.8048749,-243.9743863,,,,,,,,,,,,,,,,,,,,
-126.8925464,-243.8278508,,,,,,,,,,,,,,,,,,,,
-126.5089237,-243.6812021,,,,,,,,,,,,,,,,,,,,
-360.1961785,-243.826664,,,,,,,,,,,,,,,,,,,,
-119.7555935,-243.6719619,,,,,,,,,,,,,,,,,,,,
-126.5206418,-243.5260699,,,,,,,,,,,,,,,,,,,,
-221.6222519,-243.4988263,,,,,,,,,,,,,,,,,,,,
-123.2956177,-243.3495056,,,,,,,,,,,,,,,,,,,,
-236.2861906,-243.3407422,,,,,,,,,,,,,,,,,,,,
-118.8301929,-243.186454,,,,,,,,,,,,,,,,,,,,
-127.2851896,-243.0430118,,,,,,,,,,,,,,,,,,,,
-125.6553317,-242.8979096,,,,,,,,,,,,,,,,,,,,
-242.1436688,-242.8969785,,,,,,,,,,,,,,,,,,,,
-2.677659601,-242.6007771,,,,,,,,,,,,,,,,,,,,
-131.5718974,-242.464042,,,,,,,,,,,,,,,,,,,,
-368.4632237,-242.6190226,,,,,,,,,,,,,,,,,,,,
-124.8149384,-242.4743001,,,,,,,,,,,,,,,,,,,,
-127.255069,-242.3329268,,,,,,,,,,,,,,,,,,,,
-125.6006565,-242.1898726,,,,,,,,,,,,,,,,,,,,
-238.687999,-242.1855863,,,,,,,,,,,,,,,,,,,,
-122.5419901,-242.0393227,,,,,,,,,,,,,,,,,,,,
-334.0848156,-242.1517104,,,,,,,,,,,,,,,,,,,,
-126.8939503,-242.0111521,,,,,,,,,,,,,,,,,,,,
-124.0236579,-241.8674402,,,,,,,,,,,,,,,,,,,,
-119.7400731,-241.7188668,,,,,,,,,,,,,,,,,,,,
-129.8321897,-241.582917,,,,,,,,,,,,,,,,,,,,
-235.3801609,-241.5753894,,,,,,,,,,,,,,,,,,,,
-116.8794563,-241.4242428,,,,,,,,,,,,,,,,,,,,
-125.9786703,-241.2844782,,,,,,,,,,,,,,,,,,,,
-232.9073115,-241.2743486,,,,,,,,,,,,,,,,,,,,
-234.2965105,-241.2659212,,,,,,,,,,,,,,,,,,,,
-122.2794377,-241.1223911,,,,,,,,,,,,,,,,,,,,
-127.5742778,-240.9855862,,,,,,,,,,,,,,,,,,,,
-118.8403331,-240.8386003,,,,,,,,,,,,,,,,,,,,
-234.4104652,-240.8308742,,,,,,,,,,,,,,,,,,,,
-132.3970158,-240.7007015,,,,,,,,,,,,,,,,,,,,
-340.8431635,-240.8207764,,,,,,,,,,,,,,,,,,,,
-124.4199521,-240.6813742,,,,,,,,,,,,,,,,,,,,
-127.1391938,-240.5455582,,,,,,,,,,,,,,,,,,,,
-122.8400896,-240.4049304,,,,,,,,,,,,,,,,,,,,
-131.1682432,-240.2745763,,,,,,,,,,,,,,,,,,,,
-2.068010268,-239.9906591,,,,,,,,,,,,,,,,,,,,
-126.2650792,-239.8552715,,,,,,,,,,,,,,,,,,,,
-123.9342931,-239.7174344,,,,,,,,,,,,,,,,,,,,
-1.183262902,-239.4341397,,,,,,,,,,,,,,,,,,,,
-117.8941135,-239.2899641,,,,,,,,,,,,,,,,,,,,
-123.6698977,-239.1529735,,,,,,,,,,,,,,,,,,,,
-127.6487077,-239.0210158,,,,,,,,,,,,,,,,,,,,
-1.057414205,-238.7397349,,,,,,,,,,,,,,,,,,,,
-122.9140577,-238.6029868,,,,,,,,,,,,,,,,,,,,
-115.5651878,-238.457895,,,,,,,,,,,,,,,,,,,,
-125.9965691,-238.3254318,,,,,,,,,,,,,,,,,,,,
-240.9005046,-238.3284612,,,,,,,,,,,,,,,,,,,,
-118.6692491,-238.1878511,,,,,,,,,,,,,,,,,,,,
-121.3894942,-238.0507639,,,,,,,,,,,,,,,,,,,,
-122.0316706,-237.9147509,,,,,,,,,,,,,,,,,,,,
-242.2233768,-237.9197961,,,,,,,,,,,,,,,,,,,,
-2.199064421,-237.6440993,,,,,,,,,,,,,,,,,,,,
-127.1209202,-237.5149835,,,,,,,,,,,,,,,,,,,,
-122.6325822,-237.3809316,,,,,,,,,,,,,,,,,,,,
-114.9047245,-237.2381855,,,,,,,,,,,,,,,,,,,,
-259.1688336,-237.2637159,,,,,,,,,,,,,,,,,,,,
-1.219488764,-236.9892459,,,,,,,,,,,,,,,,,,,,
-124.4363743,-236.8585225,,,,,,,,,,,,,,,,,,,,
-371.5386812,-237.0147639,,,,,,,,,,,,,,,,,,,,
-486.7233342,-237.3041134,,,,,,,,,,,,,,,,,,,,
-2.111434408,-237.0318996,,,,,,,,,,,,,,,,,,,,
-122.0917083,-236.8990208,,,,,,,,,,,,,,,,,,,,
-130.4282407,-236.7760753,,,,,,,,,,,,,,,,,,,,
-122.4182174,-236.6441747,,,,,,,,,,,,,,,,,,,,
-340.2112249,-236.7634916,,,,,,,,,,,,,,,,,,,,
-0.967232947,-236.4921495,,,,,,,,,,,,,,,,,,,,
-122.7736971,-236.3614386,,,,,,,,,,,,,,,,,,,,
-126.8177897,-236.235671,,,,,,,,,,,,,,,,,,,,
-345.9517133,-236.3614921,,,,,,,,,,,,,,,,,,,,
-249.1548421,-236.3761466,,,,,,,,,,,,,,,,,,,,
-126.8730581,-236.250857,,,,,,,,,,,,,,,,,,,,
-123.7282366,-236.1222597,,,,,,,,,,,,,,,,,,,,
-243.1448111,-236.1302763,,,,,,,,,,,,,,,,,,,,
-121.5689959,-235.9996477,,,,,,,,,,,,,,,,,,,,
-134.1458733,-235.8836412,,,,,,,,,,,,,,,,,,,,
-115.9172452,-235.7471606,,,,,,,,,,,,,,,,,,,,
-1.271410994,-235.4807109,,,,,,,,,,,,,,,,,,,,
-323.1515651,-235.5802238,,,,,,,,,,,,,,,,,,,,
-232.1530747,-235.5763381,,,,,,,,,,,,,,,,,,,,
-339.8179857,-235.6943921,,,,,,,,,,,,,,,,,,,,
-131.6893649,-235.5767393,,,,,,,,,,,,,,,,,,,,
-1.622504886,-235.3123843,,,,,,,,,,,,,,,,,,,,
-127.7039537,-235.1909301,,,,,,,,,,,,,,,,,,,,
-121.3671977,-235.0626057,,,,,,,,,,,,,,,,,,,,
-2.495851452,-234.8007062,,,,,,,,,,,,,,,,,,,,
-242.3364644,-234.8091828,,,,,,,,,,,,,,,,,,,,
-114.9586322,-234.6745193,,,,,,,,,,,,,,,,,,,,
-376.1549412,-234.8333077,,,,,,,,,,,,,,,,,,,,
-125.9401631,-234.7112301,,,,,,,,,,,,,,,,,,,,
-132.8858774,-234.597204,,,,,,,,,,,,,,,,,,,,
-123.6460638,-234.4730976,,,,,,,,,,,,,,,,,,,,
-116.7184544,-234.3415281,,,,,,,,,,,,,,,,,,,,
-122.1031411,-234.2162621,,,,,,,,,,,,,,,,,,,,
-251.146967,-234.2351369,,,,,,,,,,,,,,,,,,,,
-127.0582004,-234.1157862,,,,,,,,,,,,,,,,,,,,
-227.3082234,-234.1082138,,,,,,,,,,,,,,,,,,,,
-227.9538362,-234.1013756,,,,,,,,,,,,,,,,,,,,
-121.1931055,-233.9760612,,,,,,,,,,,,,,,,,,,,
-128.90734,-233.859577,,,,,,,,,,,,,,,,,,,,
-118.7318906,-233.7320824,,,,,,,,,,,,,,,,,,,,
-122.2172156,-233.6087252,,,,,,,,,,,,,,,,,,,,
-0.168710757,-233.3507805,,,,,,,,,,,,,,,,,,,,
-123.1960351,-233.2291969,,,,,,,,,,,,,,,,,,,,
-260.5918285,-233.2593651,,,,,,,,,,,,,,,,,,,,
-132.0005573,-233.1478466,,,,,,,,,,,,,,,,,,,,
-244.8719019,-233.1607444,,,,,,,,,,,,,,,,,,,,
-121.5252849,-233.038068,,,,,,,,,,,,,,,,,,,,
-248.9466566,-233.0555308,,,,,,,,,,,,,,,,,,,,
-130.2925789,-232.9428521,,,,,,,,,,,,,,,,,,,,
-239.3943966,-232.9499185,,,,,,,,,,,,,,,,,,,,
-124.3642084,-232.8311157,,,,,,,,,,,,,,,,,,,,
-4.266714096,-232.5813186,,,,,,,,,,,,,,,,,,,,
-123.5338958,-232.4622711,,,,,,,,,,,,,,,,,,,,
-287.884835,-232.5227101,,,,,,,,,,,,,,,,,,,,
-129.7911295,-232.4108021,,,,,,,,,,,,,,,,,,,,
-129.8495273,-232.2992012,,,,,,,,,,,,,,,,,,,,
-3.994075617,-232.0510434,,,,,,,,,,,,,,,,,,,,
-132.2736745,-231.9427075,,,,,,,,,,,,,,,,,,,,
-349.8908256,-232.0706339,,,,,,,,,,,,,,,,,,,,
-6.157738812,-231.8258745,,,,,,,,,,,,,,,,,,,,
-0.345253957,-231.5753544,,,,,,,,,,,,,,,,,,,,
-1.981996567,-231.3271453,,,,,,,,,,,,,,,,,,,,
-2.386548797,-231.0799093,,,,,,,,,,,,,,,,,,,,
-128.7325681,-230.9695022,,,,,,,,,,,,,,,,,,,,
-126.2665456,-230.8566757,,,,,,,,,,,,,,,,,,,,
-245.3134171,-230.8722374,,,,,,,,,,,,,,,,,,,,
-376.238395,-231.0285451,,,,,,,,,,,,,,,,,,,,
-121.7458602,-230.911163,,,,,,,,,,,,,,,,,,,,
-124.4660954,-230.7969516,,,,,,,,,,,,,,,,,,,,
-134.5407814,-230.6937831,,,,,,,,,,,,,,,,,,,,
-134.4445999,-230.5907326,,,,,,,,,,,,,,,,,,,,
-6.850159245,-230.3514379,,,,,,,,,,,,,,,,,,,,
-8.240784787,-230.1141402,,,,,,,,,,,,,,,,,,,,
-119.6169174,-229.9962136,,,,,,,,,,,,,,,,,,,,
-124.193511,-229.8834175,,,,,,,,,,,,,,,,,,,,
-130.9982982,-229.7781085,,,,,,,,,,,,,,,,,,,,
-129.2250043,-229.6711371,,,,,,,,,,,,,,,,,,,,
-225.7443862,-229.6669642,,,,,,,,,,,,,,,,,,,,
-128.9412466,-229.5600367,,,,,,,,,,,,,,,,,,,,
-130.8436383,-229.4553533,,,,,,,,,,,,,,,,,,,,
-131.6163084,-229.3517103,,,,,,,,,,,,,,,,,,,,
-129.3912147,-229.245932,,,,,,,,,,,,,,,,,,,,
-125.3013036,-229.1360539,,,,,,,,,,,,,,,,,,,,
-125.4642078,-229.02658,,,,,,,,,,,,,,,,,,,,
-132.7412125,-228.9250131,,,,,,,,,,,,,,,,,,,,
-235.1494602,-228.9315721,,,,,,,,,,,,,,,,,,,,
-137.0267307,-228.8348301,,,,,,,,,,,,,,,,,,,,
-131.1124296,-228.7320726,,,,,,,,,,,,,,,,,,,,
-124.3998798,-228.62248,,,,,,,,,,,,,,,,,,,,
-131.5460014,-228.5206159,,,,,,,,,,,,,,,,,,,,
-240.2818348,-228.5329442,,,,,,,,,,,,,,,,,,,,
-131.4801596,-228.4313182,,,,,,,,,,,,,,,,,,,,
-133.548438,-228.3320684,,,,,,,,,,,,,,,,,,,,
-132.6830064,-228.2321216,,,,,,,,,,,,,,,,,,,,
-132.8061158,-228.132512,,,,,,,,,,,,,,,,,,,,
-246.8261509,-228.1520048,,,,,,,,,,,,,,,,,,,,
-132.2925862,-228.0521513,,,,,,,,,,,,,,,,,,,,
-139.2901975,-227.9597871,,,,,,,,,,,,,,,,,,,,
-135.6628958,-227.8638444,,,,,,,,,,,,,,,,,,,,
-130.6052364,-227.762849,,,,,,,,,,,,,,,,,,,,
-119.1265822,-227.6501557,,,,,,,,,,,,,,,,,,,,
-240.1956849,-227.6631563,,,,,,,,,,,,,,,,,,,,
-344.0405268,-227.7836298,,,,,,,,,,,,,,,,,,,,
-10.07447084,-227.558491,,,,,,,,,,,,,,,,,,,,
-132.8856306,-227.4606885,,,,,,,,,,,,,,,,,,,,
-237.5251404,-227.4710749,,,,,,,,,,,-127.5420542,-128.9285014,-1.561516391,-122.3853776,-129.637127,-127.2957324,-225.751105,-246.9511249,-126.1633102,-129.4427135
-130.7860869,-227.3713997,,,,,,,,,,,-226.1178932,-226.01992,-225.7938793,-225.6898466,-225.5933112,-225.4946189,-225.4948761,-225.5163754,-225.4169229,-225.3209487
-338.3074769,-227.485649,,,,,,,,,,,,,,,,,,,,
-249.9212869,-227.5087309,,,,,,,,,,,,,,,,,,,,
-132.3390733,-227.4109204,,,,,,,,,,,,,,,,,,,,
-239.3792505,-227.4232082,,,,,,,,,,,,,,,,,,,,
-130.8003043,-227.3241078,,,,,,,,,,,,,,,,,,,,
-6.187522859,-227.0975334,,,,,,,,,,,,,,,,,,,,
-368.5073356,-227.2422722,,,,,,,,,,,,,,,,,,,,
-2.341775402,-227.0123126,,,,,,,,,,,,,,,,,,,,
-237.2808642,-227.0228014,,,,,,,,,,,,,,,,,,,,
-234.6496628,-227.0305839,,,,,,,,,,,,,,,,,,,,
-232.5725201,-227.0362332,,,,,,,,,,,,,,,,,,,,
-128.6283534,-226.9360215,,,,,,,,,,,,,,,,,,,,
-127.9663267,-226.8353402,,,,,,,,,,,,,,,,,,,,
-2.483681333,-226.6073406,,,,,,,,,,,,,,,,,,,,
-237.5669795,-226.6184671,,,,,,,,,,,,,,,,,,,,
-119.9235365,-226.5102572,,,,,,,,,,,,,,,,,,,,
-0.465583126,-226.2812353,,,,,,,,,,,,,,,,,,,,
-261.0197455,-226.3163957,,,,,,,,,,,,,,,,,,,,
-237.8250598,-226.3280324,,,,,,,,,,,,,,,,,,,,
-116.8660769,-226.2174647,,,,,,,,,,,,,,,,,,,,
-127.5420542,-226.1178932,,,,,,,,,,,,,,,,,,,,
-128.9285014,-226.01992,,,,,,,,,,,,,,,,,,,,
-1.561516391,-225.7938793,,,,,,,,,,,,,,,,,,,,
-122.3853776,-225.6898466,,,,,,,,,,,,,,,,,,,,
-129.637127,-225.5933112,,,,,,,,,,,,,,,,,,,,
-127.2957324,-225.4946189,,,,,,,,,,,,,,,,,,,,
-225.751105,-225.4948761,,,,,,,,,,,,,,,,,,,,
-246.9511249,-225.5163754,,,,,,,,,,,,,,,,,,,,
-126.1633102,-225.4169229,,,,,,,,,,,,,,,,,,,,
-129.4427135,-225.3209487,,,,,,,,,,,,,,,,,,,,
